date,0
2016-01-11 17:00:00,55.0
2016-01-11 18:00:00,166.25390378927747
2016-01-11 19:00:00,127.98155414755651
2016-01-11 20:00:00,59.714017064763524
2016-01-11 21:00:00,42.153197822486376
2016-01-11 22:00:00,214.21495894605903
2016-01-11 23:00:00,-27.81487791990812
2016-01-12 00:00:00,81.70222303604871
2016-01-12 01:00:00,113.14264047887946
2016-01-12 02:00:00,-22.19524591783184
2016-01-12 03:00:00,-9.232419398693011
2016-01-12 04:00:00,18.851192440256227
2016-01-12 05:00:00,21.14257525293627
2016-01-12 06:00:00,19.47066551874771
2016-01-12 07:00:00,37.707869278192035
2016-01-12 08:00:00,64.7915204794686
2016-01-12 09:00:00,12.697181265542675
2016-01-12 10:00:00,204.02718891702736
2016-01-12 11:00:00,-7.693274490338723
2016-01-12 12:00:00,137.0732109151187
2016-01-12 13:00:00,90.45136573822445
2016-01-12 14:00:00,68.32597266469526
2016-01-12 15:00:00,-26.809150760265545
2016-01-12 16:00:00,0.36852777269486126
2016-01-12 17:00:00,137.08183594416147
2016-01-12 18:00:00,-195.4279390049833
2016-01-12 19:00:00,-108.29686598756194
2016-01-12 20:00:00,-4.7888782858360415
2016-01-12 21:00:00,-10.01321731267106
2016-01-12 22:00:00,-183.1034832700474
2016-01-12 23:00:00,82.71677996787352
2016-01-13 00:00:00,-60.2050161036336
2016-01-13 01:00:00,-77.46087166094071
2016-01-13 02:00:00,67.9612124879341
2016-01-13 03:00:00,25.351738366597814
2016-01-13 04:00:00,1.9871658716821798
2016-01-13 05:00:00,-1.0008477291920173
2016-01-13 06:00:00,28.85767564724442
2016-01-13 07:00:00,-4.127662342617505
2016-01-13 08:00:00,111.09286763390281
2016-01-13 09:00:00,130.23458348468682
2016-01-13 10:00:00,-256.46759847706033
2016-01-13 11:00:00,20.175638413466707
2016-01-13 12:00:00,-112.3065996365795
2016-01-13 13:00:00,-64.67050209844032
2016-01-13 14:00:00,-21.109168094298028
2016-01-13 15:00:00,72.14231976459959
2016-01-13 16:00:00,62.211210684327824
2016-01-13 17:00:00,-136.32582597475368
2016-01-13 18:00:00,92.02296655933824
2016-01-13 19:00:00,167.66725241577558
2016-01-13 20:00:00,126.58066674201459
2016-01-13 21:00:00,160.07861903750825
2016-01-13 22:00:00,-57.06803695777842
2016-01-13 23:00:00,-99.29122981914944
2016-01-14 00:00:00,-37.719247739339856
2016-01-14 01:00:00,-55.755197820981074
2016-01-14 02:00:00,29.130115674016913
2016-01-14 03:00:00,29.253968128102947
2016-01-14 04:00:00,-10.449187707804697
2016-01-14 05:00:00,4.48694370440429
2016-01-14 06:00:00,-11.433809101859936
2016-01-14 07:00:00,170.7787795041205
2016-01-14 08:00:00,-49.16872845311673
2016-01-14 09:00:00,-10.177897202911396
2016-01-14 10:00:00,377.1106350980353
2016-01-14 11:00:00,31.7977489841889
2016-01-14 12:00:00,11.37495496559751
2016-01-14 13:00:00,-131.4118845575793
2016-01-14 14:00:00,9.325527182138785
2016-01-14 15:00:00,-7.2014262316033
2016-01-14 16:00:00,231.69990283983455
2016-01-14 17:00:00,156.8362101958228
2016-01-14 18:00:00,-11.950947037788097
2016-01-14 19:00:00,-13.289786578302369
2016-01-14 20:00:00,-110.87572373776149
2016-01-14 21:00:00,-76.80699413123071
2016-01-14 22:00:00,-12.988990848987463
2016-01-14 23:00:00,27.393527462225602
2016-01-15 00:00:00,7.783232013557907
2016-01-15 01:00:00,-18.78330316063829
2016-01-15 02:00:00,19.29619044040641
2016-01-15 03:00:00,12.656897609679852
2016-01-15 04:00:00,5.556391987131541
2016-01-15 05:00:00,1.3657804418725092
2016-01-15 06:00:00,-7.963962748449902
2016-01-15 07:00:00,-68.31359438244738
2016-01-15 08:00:00,106.86526273689648
2016-01-15 09:00:00,46.53552830458179
2016-01-15 10:00:00,-201.2436819420247
2016-01-15 11:00:00,45.434867082928236
2016-01-15 12:00:00,73.83043616550543
2016-01-15 13:00:00,99.72841443269584
2016-01-15 14:00:00,-93.0812996279632
2016-01-15 15:00:00,4.992625119669874
2016-01-15 16:00:00,-88.14574561462624
2016-01-15 17:00:00,-117.35770215159386
2016-01-15 18:00:00,218.54519941793697
2016-01-15 19:00:00,34.92580592188176
2016-01-15 20:00:00,46.3951337346511
2016-01-15 21:00:00,24.804779789021325
2016-01-15 22:00:00,98.0080365047925
2016-01-15 23:00:00,-52.098726748850574
2016-01-16 00:00:00,-60.823824673124165
2016-01-16 01:00:00,-18.32968371068322
2016-01-16 02:00:00,15.626233984334945
2016-01-16 03:00:00,5.8015964670610956
2016-01-16 04:00:00,5.640338873567416
2016-01-16 05:00:00,-6.106380077867371
2016-01-16 06:00:00,5.1935126855111235
2016-01-16 07:00:00,147.20368345671733
2016-01-16 08:00:00,-89.70214809648098
2016-01-16 09:00:00,-122.4957355051393
2016-01-16 10:00:00,-123.74468822664595
2016-01-16 11:00:00,17.583976984119367
2016-01-16 12:00:00,-45.34198509386475
2016-01-16 13:00:00,28.49560852120713
2016-01-16 14:00:00,17.520583628477468
2016-01-16 15:00:00,179.99920498569625
2016-01-16 16:00:00,-99.38442242253734
2016-01-16 17:00:00,41.78604721135889
2016-01-16 18:00:00,288.6152255918229
2016-01-16 19:00:00,86.43554450601317
2016-01-16 20:00:00,-197.2126309797693
2016-01-16 21:00:00,-93.5187300198213
2016-01-16 22:00:00,86.39700168466214
2016-01-16 23:00:00,-2.9667698260309265
2016-01-17 00:00:00,-26.74944948082554
2016-01-17 01:00:00,-11.645142114591401
2016-01-17 02:00:00,12.281351460943075
2016-01-17 03:00:00,14.719397409537898
2016-01-17 04:00:00,2.6315354583123494
2016-01-17 05:00:00,-4.867303446543843
2016-01-17 06:00:00,-4.7790010459424295
2016-01-17 07:00:00,216.90701613169148
2016-01-17 08:00:00,27.850475360061864
2016-01-17 09:00:00,64.16589898225314
2016-01-17 10:00:00,-196.03614120126082
2016-01-17 11:00:00,217.93756407169928
2016-01-17 12:00:00,-95.82421085924275
2016-01-17 13:00:00,28.24217701354584
2016-01-17 14:00:00,31.101562965157697
2016-01-17 15:00:00,-27.29418210627327
2016-01-17 16:00:00,-45.13987807856459
2016-01-17 17:00:00,247.88681464514013
2016-01-17 18:00:00,-43.90576135539658
2016-01-17 19:00:00,-193.31389102455404
2016-01-17 20:00:00,-8.163451104690537
2016-01-17 21:00:00,13.297835646900353
2016-01-17 22:00:00,-49.946658696267335
2016-01-17 23:00:00,46.63127979600041
2016-01-18 00:00:00,6.816461950746216
2016-01-18 01:00:00,-19.205936889491774
2016-01-18 02:00:00,8.760022758692834
2016-01-18 03:00:00,7.182229541368862
2016-01-18 04:00:00,-1.4731754160135324
2016-01-18 05:00:00,-10.923711733502593
2016-01-18 06:00:00,11.431545847890987
2016-01-18 07:00:00,-116.42726928850053
2016-01-18 08:00:00,-111.34856600410313
2016-01-18 09:00:00,-42.631143758251
2016-01-18 10:00:00,-69.87944996888608
2016-01-18 11:00:00,-16.488064997425397
2016-01-18 12:00:00,-36.04859980423491
2016-01-18 13:00:00,-10.943227349218759
2016-01-18 14:00:00,-0.09717434025892402
2016-01-18 15:00:00,-5.757144043698382
2016-01-18 16:00:00,-29.14366045327639
2016-01-18 17:00:00,-193.82014392416693
2016-01-18 18:00:00,160.02150847085306
2016-01-18 19:00:00,24.415667402705054
2016-01-18 20:00:00,403.6644397937906
2016-01-18 21:00:00,36.265445054761415
2016-01-18 22:00:00,-213.120710670443
2016-01-18 23:00:00,-39.259487492743744
2016-01-19 00:00:00,6.840869189443104
2016-01-19 01:00:00,-19.325152166600162
2016-01-19 02:00:00,-5.933176132889621
2016-01-19 03:00:00,19.15391545104432
2016-01-19 04:00:00,-8.445802027566025
2016-01-19 05:00:00,6.421604080183201
2016-01-19 06:00:00,-0.6151653861128565
2016-01-19 07:00:00,-106.43460674014412
2016-01-19 08:00:00,-79.59304537329444
2016-01-19 09:00:00,-45.41491265944841
2016-01-19 10:00:00,-45.44704169093674
2016-01-19 11:00:00,-24.379576165479683
2016-01-19 12:00:00,-26.51132855443985
2016-01-19 13:00:00,-14.35723772460372
2016-01-19 14:00:00,5.724270526518239
2016-01-19 15:00:00,-0.23827590072720284
2016-01-19 16:00:00,-32.324044283150634
2016-01-19 17:00:00,-120.84703434731067
2016-01-19 18:00:00,-4.067324566456648
2016-01-19 19:00:00,212.54617410594895
2016-01-19 20:00:00,197.89542212394497
2016-01-19 21:00:00,-155.8784869342405
2016-01-19 22:00:00,-87.89342158652468
2016-01-19 23:00:00,19.743811115673036
2016-01-20 00:00:00,-5.455176743095166
2016-01-20 01:00:00,-13.56638109509754
2016-01-20 02:00:00,0.7367802597240889
2016-01-20 03:00:00,13.004250151950338
2016-01-20 04:00:00,0.24918547029228932
2016-01-20 05:00:00,-3.956450735651302
2016-01-20 06:00:00,70.19886186792458
2016-01-20 07:00:00,-104.7937309581637
2016-01-20 08:00:00,28.499727065694458
2016-01-20 09:00:00,-52.81118022633642
2016-01-20 10:00:00,-45.650862404903606
2016-01-20 11:00:00,4.353390374504627
2016-01-20 12:00:00,40.05271190765296
2016-01-20 13:00:00,-15.967826646484525
2016-01-20 14:00:00,-21.506381918458004
2016-01-20 15:00:00,27.545475053982656
2016-01-20 16:00:00,-17.329827019281083
2016-01-20 17:00:00,-13.709295486304057
2016-01-20 18:00:00,0.6487116413007641
2016-01-20 19:00:00,179.36261396699865
2016-01-20 20:00:00,-18.622851198485137
2016-01-20 21:00:00,24.09287152635423
2016-01-20 22:00:00,4.453754279924027
2016-01-20 23:00:00,-31.89400019354421
2016-01-21 00:00:00,-23.68113169127451
2016-01-21 01:00:00,-1.2754825234257652
2016-01-21 02:00:00,4.482509734697629
2016-01-21 03:00:00,9.053561126985791
2016-01-21 04:00:00,-5.911331319949426
2016-01-21 05:00:00,10.066307051516908
2016-01-21 06:00:00,-15.391775348280802
2016-01-21 07:00:00,-76.28540302058983
2016-01-21 08:00:00,-86.05311936281937
2016-01-21 09:00:00,-10.34400033389818
2016-01-21 10:00:00,-29.50330716628416
2016-01-21 11:00:00,-11.586283345137979
2016-01-21 12:00:00,-28.39018980743848
2016-01-21 13:00:00,121.84796196050286
2016-01-21 14:00:00,-27.36750098899008
2016-01-21 15:00:00,-36.89965471387775
2016-01-21 16:00:00,-35.24676729343117
2016-01-21 17:00:00,-143.5253921749207
2016-01-21 18:00:00,162.85325147030676
2016-01-21 19:00:00,85.37059847173722
2016-01-21 20:00:00,-7.878837210440793
2016-01-21 21:00:00,-13.775617533719497
2016-01-21 22:00:00,-62.770538314342446
2016-01-21 23:00:00,3.39700291837174
2016-01-22 00:00:00,1.4735476288797784
2016-01-22 01:00:00,-15.612924759504558
2016-01-22 02:00:00,7.6794665277369525
2016-01-22 03:00:00,5.037325854112687
2016-01-22 04:00:00,-4.198505128704724
2016-01-22 05:00:00,-2.0968252308232564
2016-01-22 06:00:00,-13.267786864371395
2016-01-22 07:00:00,-64.66842899768612
2016-01-22 08:00:00,-54.23024669333877
2016-01-22 09:00:00,33.81218352101192
2016-01-22 10:00:00,-60.43140815524347
2016-01-22 11:00:00,87.26449616188253
2016-01-22 12:00:00,-81.9361081265376
2016-01-22 13:00:00,-38.4584812492448
2016-01-22 14:00:00,-10.663679635427318
2016-01-22 15:00:00,10.605346764477638
2016-01-22 16:00:00,-32.11461668852857
2016-01-22 17:00:00,-113.39998169088906
2016-01-22 18:00:00,-154.62075313900058
2016-01-22 19:00:00,-101.50455224983236
2016-01-22 20:00:00,-81.85626620368578
2016-01-22 21:00:00,-31.410067212498383
2016-01-22 22:00:00,53.03231642364579
2016-01-22 23:00:00,46.63193982471009
2016-01-23 00:00:00,18.999447172428024
2016-01-23 01:00:00,-16.588218608307503
2016-01-23 02:00:00,4.240822508476356
2016-01-23 03:00:00,1.9594417992855853
2016-01-23 04:00:00,-11.388630984835423
2016-01-23 05:00:00,5.252544472341924
2016-01-23 06:00:00,-20.574885624525614
2016-01-23 07:00:00,-61.350205810419226
2016-01-23 08:00:00,19.396795628152603
2016-01-23 09:00:00,57.714563275529954
2016-01-23 10:00:00,1.1208244114128263
2016-01-23 11:00:00,7.385955156675834
2016-01-23 12:00:00,40.389059555077694
2016-01-23 13:00:00,26.108650823191482
2016-01-23 14:00:00,68.18431861954234
2016-01-23 15:00:00,-11.347704267818415
2016-01-23 16:00:00,-44.47211635778396
2016-01-23 17:00:00,68.47940556204998
2016-01-23 18:00:00,-154.3877322296584
2016-01-23 19:00:00,-115.01875030886923
2016-01-23 20:00:00,-37.7914492647987
2016-01-23 21:00:00,1.6245151317285007
2016-01-23 22:00:00,38.688205078395676
2016-01-23 23:00:00,50.92499439460433
2016-01-24 00:00:00,-12.641262311415197
2016-01-24 01:00:00,-9.49182921028602
2016-01-24 02:00:00,-2.7163274693769317
2016-01-24 03:00:00,7.589352509369959
2016-01-24 04:00:00,-10.32332536790528
2016-01-24 05:00:00,0.010488757891145895
2016-01-24 06:00:00,-12.666516128545979
2016-01-24 07:00:00,-24.985791617512646
2016-01-24 08:00:00,497.0744471802254
2016-01-24 09:00:00,67.66383845695702
2016-01-24 10:00:00,0.15652357635076442
2016-01-24 11:00:00,48.491579227227305
2016-01-24 12:00:00,-18.56520224473624
2016-01-24 13:00:00,211.55458047192656
2016-01-24 14:00:00,-40.10165928204114
2016-01-24 15:00:00,-87.54314344958377
2016-01-24 16:00:00,-44.390601608483905
2016-01-24 17:00:00,-98.45163227072918
2016-01-24 18:00:00,-106.20869432964345
2016-01-24 19:00:00,24.841353816536696
2016-01-24 20:00:00,-5.844263869125399
2016-01-24 21:00:00,-49.54872689698878
2016-01-24 22:00:00,134.92971825324548
2016-01-24 23:00:00,-19.3646278481109
2016-01-25 00:00:00,-13.117269492961668
2016-01-25 01:00:00,-4.751985248347076
2016-01-25 02:00:00,5.06261176248794
2016-01-25 03:00:00,3.5021800280710593
2016-01-25 04:00:00,-5.544602953273802
2016-01-25 05:00:00,7.541295568386317
2016-01-25 06:00:00,-6.862964833223501
2016-01-25 07:00:00,-59.65313038603741
2016-01-25 08:00:00,-105.47197706793119
2016-01-25 09:00:00,-45.56373411642918
2016-01-25 10:00:00,-24.52181859773424
2016-01-25 11:00:00,-32.974965747564205
2016-01-25 12:00:00,-16.931448070534294
2016-01-25 13:00:00,-30.81091523802786
2016-01-25 14:00:00,-4.648434770602883
2016-01-25 15:00:00,17.856497778965085
2016-01-25 16:00:00,-4.817796950181844
2016-01-25 17:00:00,-112.59498973438423
2016-01-25 18:00:00,-97.41871817812691
2016-01-25 19:00:00,29.861119914265984
2016-01-25 20:00:00,68.33506144380053
2016-01-25 21:00:00,-73.62901407582582
2016-01-25 22:00:00,-6.676122652013284
2016-01-25 23:00:00,185.92686340542426
2016-01-26 00:00:00,104.4886482697163
2016-01-26 01:00:00,-100.59067758105934
2016-01-26 02:00:00,-28.18176040246435
2016-01-26 03:00:00,-8.210659206343074
2016-01-26 04:00:00,6.791611586156463
2016-01-26 05:00:00,-1.1836416788447437
2016-01-26 06:00:00,-17.38684489776275
2016-01-26 07:00:00,15.809432783956765
2016-01-26 08:00:00,-89.58336684442651
2016-01-26 09:00:00,-55.764473138264385
2016-01-26 10:00:00,-37.20682461039302
2016-01-26 11:00:00,-31.594277133584733
2016-01-26 12:00:00,-16.505141620052633
2016-01-26 13:00:00,-30.481485016103086
2016-01-26 14:00:00,-5.51229080596282
2016-01-26 15:00:00,13.952178643838067
2016-01-26 16:00:00,-6.8369229741928095
2016-01-26 17:00:00,-106.82611146447297
2016-01-26 18:00:00,-90.94551943430733
2016-01-26 19:00:00,-92.58227744116084
2016-01-26 20:00:00,107.34371178391498
2016-01-26 21:00:00,-50.129857399918265
2016-01-26 22:00:00,32.47304794097929
2016-01-26 23:00:00,234.9999481583773
2016-01-27 00:00:00,-89.33537351514312
2016-01-27 01:00:00,-63.26937257740292
2016-01-27 02:00:00,5.866475320948489
2016-01-27 03:00:00,-4.975819699695609
2016-01-27 04:00:00,-0.8622220741870024
2016-01-27 05:00:00,-7.597985795552532
2016-01-27 06:00:00,-3.6062954460862358
2016-01-27 07:00:00,6.849278754638533
2016-01-27 08:00:00,-86.83823932573142
2016-01-27 09:00:00,63.69191922981186
2016-01-27 10:00:00,-86.35411001144307
2016-01-27 11:00:00,-40.542582607574026
2016-01-27 12:00:00,-30.906423425545487
2016-01-27 13:00:00,-24.394326395589324
2016-01-27 14:00:00,3.731135944716719
2016-01-27 15:00:00,-1.1607714515182757
2016-01-27 16:00:00,-6.545787474366108
2016-01-27 17:00:00,-94.39672582402764
2016-01-27 18:00:00,-84.67697481056729
2016-01-27 19:00:00,-76.39318430483016
2016-01-27 20:00:00,-95.11257971788486
2016-01-27 21:00:00,-3.7497315302023964
2016-01-27 22:00:00,27.77556665683459
2016-01-27 23:00:00,1.4895173069917504
2016-01-28 00:00:00,18.50426754908346
2016-01-28 01:00:00,-2.325351265525285
2016-01-28 02:00:00,12.58896494202514
2016-01-28 03:00:00,3.310754802709994
2016-01-28 04:00:00,-8.826651694327069
2016-01-28 05:00:00,1.1833635444266974
2016-01-28 06:00:00,-15.714220109776193
2016-01-28 07:00:00,-51.4190091350914
2016-01-28 08:00:00,-86.18450693854994
2016-01-28 09:00:00,-30.50049725928148
2016-01-28 10:00:00,-28.032987169784935
2016-01-28 11:00:00,-14.053429700247605
2016-01-28 12:00:00,-15.678197710093876
2016-01-28 13:00:00,-34.67987139668562
2016-01-28 14:00:00,7.356897780533892
2016-01-28 15:00:00,-3.656858288418274
2016-01-28 16:00:00,-4.562992156809088
2016-01-28 17:00:00,-79.81400218622795
2016-01-28 18:00:00,-88.39816370818937
2016-01-28 19:00:00,-70.56664320924328
2016-01-28 20:00:00,-79.88344169164179
2016-01-28 21:00:00,-5.321276955852817
2016-01-28 22:00:00,14.80914476887039
2016-01-28 23:00:00,17.421662888380805
2016-01-29 00:00:00,4.816340212492708
2016-01-29 01:00:00,11.83054564937742
2016-01-29 02:00:00,8.854266837566108
2016-01-29 03:00:00,-11.369370464194184
2016-01-29 04:00:00,2.3590933839502526
2016-01-29 05:00:00,-6.868213139384359
2016-01-29 06:00:00,0.3422761742877114
2016-01-29 07:00:00,-61.603153219152375
2016-01-29 08:00:00,-68.50310030992546
2016-01-29 09:00:00,-39.72604237510576
2016-01-29 10:00:00,-14.815006725170782
2016-01-29 11:00:00,-26.589072262975705
2016-01-29 12:00:00,-12.485217603569275
2016-01-29 13:00:00,-33.050378997100324
2016-01-29 14:00:00,10.082941471360598
2016-01-29 15:00:00,-3.4238863497563514
2016-01-29 16:00:00,-1.1112541838526724
2016-01-29 17:00:00,-52.34089537059697
2016-01-29 18:00:00,-39.688137224098284
2016-01-29 19:00:00,-41.640998799395234
2016-01-29 20:00:00,-61.03740601111035
2016-01-29 21:00:00,5.748653975528896
2016-01-29 22:00:00,30.83599353841913
2016-01-29 23:00:00,7.321736843845173
2016-01-30 00:00:00,-2.027137557910258
2016-01-30 01:00:00,-7.3624977423384195
2016-01-30 02:00:00,12.889137360058456
2016-01-30 03:00:00,-2.824575886968759
2016-01-30 04:00:00,-5.709429281817172
2016-01-30 05:00:00,2.550119868245879
2016-01-30 06:00:00,-3.0486000095004613
2016-01-30 07:00:00,-55.070034172550464
2016-01-30 08:00:00,-60.39235173423878
2016-01-30 09:00:00,-27.589319543696412
2016-01-30 10:00:00,-4.629507568949201
2016-01-30 11:00:00,13.880359319422482
2016-01-30 12:00:00,22.76285040285535
2016-01-30 13:00:00,236.48625334367222
2016-01-30 14:00:00,106.11185078084654
2016-01-30 15:00:00,-2.414982462075045
2016-01-30 16:00:00,83.60385936062448
2016-01-30 17:00:00,348.05074157888646
2016-01-30 18:00:00,-157.3287894085022
2016-01-30 19:00:00,122.64420152852432
2016-01-30 20:00:00,-186.8645223189681
2016-01-30 21:00:00,-60.867161209483356
2016-01-30 22:00:00,-0.0370751220266925
2016-01-30 23:00:00,-4.004013863977853
2016-01-31 00:00:00,5.975532571035707
2016-01-31 01:00:00,-0.5757270289857033
2016-01-31 02:00:00,13.965323956681168
2016-01-31 03:00:00,8.081628428674229
2016-01-31 04:00:00,-6.757201272815443
2016-01-31 05:00:00,4.109767499182595
2016-01-31 06:00:00,-3.7618157794163167
2016-01-31 07:00:00,-50.104051946106296
2016-01-31 08:00:00,49.82133751634177
2016-01-31 09:00:00,190.67656241006057
2016-01-31 10:00:00,102.3820000865118
2016-01-31 11:00:00,-107.22493046744279
2016-01-31 12:00:00,253.18395057280736
2016-01-31 13:00:00,-26.915916705110305
2016-01-31 14:00:00,-94.56860262676702
2016-01-31 15:00:00,15.724153393453562
2016-01-31 16:00:00,83.30828398797479
2016-01-31 17:00:00,-64.13754775466069
2016-01-31 18:00:00,139.30897169203865
2016-01-31 19:00:00,-122.14079836497973
2016-01-31 20:00:00,-29.91015170656479
2016-01-31 21:00:00,-9.1861009592008
2016-01-31 22:00:00,4.490148057422559
2016-01-31 23:00:00,-21.26089807583697
2016-02-01 00:00:00,7.685649483456103
2016-02-01 01:00:00,11.834290125445044
2016-02-01 02:00:00,0.19049585819239923
2016-02-01 03:00:00,8.169930584684266
2016-02-01 04:00:00,3.2343352500728315
2016-02-01 05:00:00,0.774456702300256
2016-02-01 06:00:00,-12.465786821323647
2016-02-01 07:00:00,83.77819906712438
2016-02-01 08:00:00,-61.60449275193707
2016-02-01 09:00:00,-17.808164290527145
2016-02-01 10:00:00,-33.43182519481803
2016-02-01 11:00:00,276.6361196400404
2016-02-01 12:00:00,82.29704198785072
2016-02-01 13:00:00,91.77990641062047
2016-02-01 14:00:00,70.40440059125888
2016-02-01 15:00:00,208.76531567954405
2016-02-01 16:00:00,-20.862044120944518
2016-02-01 17:00:00,-28.937907312572975
2016-02-01 18:00:00,-61.83631543865528
2016-02-01 19:00:00,16.444180179386535
2016-02-01 20:00:00,-32.43876336117302
2016-02-01 21:00:00,-33.42780884909081
2016-02-01 22:00:00,38.98067561193557
2016-02-01 23:00:00,-14.654337501030078
2016-02-02 00:00:00,8.102078580664056
2016-02-02 01:00:00,2.9930341598230115
2016-02-02 02:00:00,2.658330632652536
2016-02-02 03:00:00,2.22930967126635
2016-02-02 04:00:00,1.665455158843585
2016-02-02 05:00:00,-2.1962395362487825
2016-02-02 06:00:00,-0.011010928565191591
2016-02-02 07:00:00,-34.794873526819046
2016-02-02 08:00:00,11.103178750449018
2016-02-02 09:00:00,-50.55950007267355
2016-02-02 10:00:00,-23.799223793979095
2016-02-02 11:00:00,-6.728869006227129
2016-02-02 12:00:00,-44.07966962364251
2016-02-02 13:00:00,-43.80723249316927
2016-02-02 14:00:00,49.69795743221738
2016-02-02 15:00:00,-17.18178464495014
2016-02-02 16:00:00,-18.464135339913184
2016-02-02 17:00:00,-79.57898587003483
2016-02-02 18:00:00,139.4995622709757
2016-02-02 19:00:00,-70.22244535580873
2016-02-02 20:00:00,-74.64765610510665
2016-02-02 21:00:00,11.921495751917476
2016-02-02 22:00:00,35.21828213881065
2016-02-02 23:00:00,-10.082797122822093
2016-02-03 00:00:00,9.911931847780863
2016-02-03 01:00:00,20.386670045457137
2016-02-03 02:00:00,16.553517538795717
2016-02-03 03:00:00,-7.365821331587085
2016-02-03 04:00:00,10.938398688894324
2016-02-03 05:00:00,6.870986473593312
2016-02-03 06:00:00,0.592726742443503
2016-02-03 07:00:00,-26.772351346972684
2016-02-03 08:00:00,39.35858764343254
2016-02-03 09:00:00,50.34340573283437
2016-02-03 10:00:00,114.29758844014862
2016-02-03 11:00:00,30.71095258983462
2016-02-03 12:00:00,-43.3891891282901
2016-02-03 13:00:00,-69.14298926860525
2016-02-03 14:00:00,108.66400234178386
2016-02-03 15:00:00,16.206355743279218
2016-02-03 16:00:00,186.9446950377638
2016-02-03 17:00:00,-46.059953404895424
2016-02-03 18:00:00,37.45678406494872
2016-02-03 19:00:00,-100.9770449962534
2016-02-03 20:00:00,-43.96171125063543
2016-02-03 21:00:00,13.431345848904257
2016-02-03 22:00:00,11.645124620403465
2016-02-03 23:00:00,1.2939987889779587
2016-02-04 00:00:00,-13.438202452176377
2016-02-04 01:00:00,4.152246115238697
2016-02-04 02:00:00,8.826785234743568
2016-02-04 03:00:00,-11.218468400035722
2016-02-04 04:00:00,7.2515270831269305
2016-02-04 05:00:00,3.880468722223789
2016-02-04 06:00:00,-9.87197151407684
2016-02-04 07:00:00,-32.372383171780484
2016-02-04 08:00:00,-51.34739026113497
2016-02-04 09:00:00,50.334325527604676
2016-02-04 10:00:00,-59.06698837100914
2016-02-04 11:00:00,-27.839132992229935
2016-02-04 12:00:00,264.10265026796776
2016-02-04 13:00:00,-56.37697089649376
2016-02-04 14:00:00,-62.92343522527031
2016-02-04 15:00:00,-26.25171709960415
2016-02-04 16:00:00,2.0728075481388544
2016-02-04 17:00:00,-53.875902767559836
2016-02-04 18:00:00,120.25446333459229
2016-02-04 19:00:00,-25.463086838581887
2016-02-04 20:00:00,-84.72968736074313
2016-02-04 21:00:00,97.99643508185048
2016-02-04 22:00:00,-29.866653593383617
2016-02-04 23:00:00,-20.311104038889404
2016-02-05 00:00:00,-10.332328459018761
2016-02-05 01:00:00,6.302702503370995
2016-02-05 02:00:00,9.768492117154999
2016-02-05 03:00:00,1.207879416719301
2016-02-05 04:00:00,-8.431773494451306
2016-02-05 05:00:00,5.337339794430314
2016-02-05 06:00:00,-0.025020520795344225
2016-02-05 07:00:00,-42.64740600994443
2016-02-05 08:00:00,-55.135701603119024
2016-02-05 09:00:00,-39.808361899088034
2016-02-05 10:00:00,-32.98873891062477
2016-02-05 11:00:00,2.3860802656142965
2016-02-05 12:00:00,-34.11874399586466
2016-02-05 13:00:00,-36.04944097362854
2016-02-05 14:00:00,-24.598117168216945
2016-02-05 15:00:00,6.2017754047716664
2016-02-05 16:00:00,-22.783349039725387
2016-02-05 17:00:00,-59.767122249061416
2016-02-05 18:00:00,97.7345581272578
2016-02-05 19:00:00,-41.625381838736274
2016-02-05 20:00:00,-65.60563785409465
2016-02-05 21:00:00,-19.963823735236417
2016-02-05 22:00:00,11.384193227877638
2016-02-05 23:00:00,-11.988429677343927
2016-02-06 00:00:00,15.055760617294382
2016-02-06 01:00:00,9.755300573029146
2016-02-06 02:00:00,4.357076701681386
2016-02-06 03:00:00,2.4892967900075575
2016-02-06 04:00:00,-6.572601368257061
2016-02-06 05:00:00,3.3646819825974816
2016-02-06 06:00:00,-0.9394891743830343
2016-02-06 07:00:00,-31.6731026502703
2016-02-06 08:00:00,-61.60845908770992
2016-02-06 09:00:00,-47.236062631399754
2016-02-06 10:00:00,-7.55063615932233
2016-02-06 11:00:00,-16.969497829630882
2016-02-06 12:00:00,-19.299135666598673
2016-02-06 13:00:00,-25.229124059882174
2016-02-06 14:00:00,-2.7196765556663323
2016-02-06 15:00:00,123.66369215851881
2016-02-06 16:00:00,117.89981258309882
2016-02-06 17:00:00,3.7114823988957255
2016-02-06 18:00:00,-90.33018323582377
2016-02-06 19:00:00,-85.58084642828223
2016-02-06 20:00:00,-31.74829790856313
2016-02-06 21:00:00,7.368558580779421
2016-02-06 22:00:00,22.579175872694222
2016-02-06 23:00:00,15.277467741087833
2016-02-07 00:00:00,-11.330932469675908
2016-02-07 01:00:00,0.6894711928055202
2016-02-07 02:00:00,6.386266834883564
2016-02-07 03:00:00,1.367309475800802
2016-02-07 04:00:00,2.086081062654479
2016-02-07 05:00:00,-4.014094404084638
2016-02-07 06:00:00,-8.847529443947685
2016-02-07 07:00:00,-29.40549584095021
2016-02-07 08:00:00,-49.863912483853625
2016-02-07 09:00:00,-28.945848903207356
2016-02-07 10:00:00,-39.70561027135099
2016-02-07 11:00:00,-5.424891987895322
2016-02-07 12:00:00,-31.265814143314685
2016-02-07 13:00:00,-15.532931558052866
2016-02-07 14:00:00,-19.286800125711615
2016-02-07 15:00:00,18.250341587683366
2016-02-07 16:00:00,-4.469350214429667
2016-02-07 17:00:00,-8.669684381877545
2016-02-07 18:00:00,28.564786954516478
2016-02-07 19:00:00,58.698474384097096
2016-02-07 20:00:00,-39.54369722489258
2016-02-07 21:00:00,51.567401479088744
2016-02-07 22:00:00,-29.73854201318788
2016-02-07 23:00:00,6.167196739591645
2016-02-08 00:00:00,-10.371002718734445
2016-02-08 01:00:00,-1.8737434447196861
2016-02-08 02:00:00,2.212247462408385
2016-02-08 03:00:00,4.941312434493597
2016-02-08 04:00:00,1.448926811054804
2016-02-08 05:00:00,-10.940773569277333
2016-02-08 06:00:00,5.860519485291761
2016-02-08 07:00:00,-30.406859436695953
2016-02-08 08:00:00,-28.3846035261774
2016-02-08 09:00:00,77.51997683014297
2016-02-08 10:00:00,-26.155052313675228
2016-02-08 11:00:00,290.5238105415957
2016-02-08 12:00:00,-11.831140312328273
2016-02-08 13:00:00,141.42172828270495
2016-02-08 14:00:00,-14.607188498881072
2016-02-08 15:00:00,226.18328113343705
2016-02-08 16:00:00,-82.18120640785958
2016-02-08 17:00:00,-9.861572173508648
2016-02-08 18:00:00,152.92240364541146
2016-02-08 19:00:00,-122.85380800986434
2016-02-08 20:00:00,-95.46516747545502
2016-02-08 21:00:00,-18.61588566978095
2016-02-08 22:00:00,18.36830184842566
2016-02-08 23:00:00,4.740110484967133
2016-02-09 00:00:00,3.847751039797693
2016-02-09 01:00:00,7.6501413627082755
2016-02-09 02:00:00,0.281474012316707
2016-02-09 03:00:00,-5.557795648379873
2016-02-09 04:00:00,6.746552007815453
2016-02-09 05:00:00,1.1284450657509808
2016-02-09 06:00:00,-0.5985936767588242
2016-02-09 07:00:00,-23.98238737450199
2016-02-09 08:00:00,-52.52893954387877
2016-02-09 09:00:00,73.50380953800249
2016-02-09 10:00:00,170.15853697963018
2016-02-09 11:00:00,-88.18680211792122
2016-02-09 12:00:00,199.99822711950745
2016-02-09 13:00:00,-44.38690142187488
2016-02-09 14:00:00,-45.089136723387355
2016-02-09 15:00:00,59.051027271250064
2016-02-09 16:00:00,-34.99833342384221
2016-02-09 17:00:00,-57.84764809165878
2016-02-09 18:00:00,-38.99601175973288
2016-02-09 19:00:00,198.5833562628361
2016-02-09 20:00:00,-50.57800110141824
2016-02-09 21:00:00,-26.600652513823945
2016-02-09 22:00:00,25.61571320596576
2016-02-09 23:00:00,-5.160742419980949
2016-02-10 00:00:00,5.679356910274379
2016-02-10 01:00:00,14.909167449174276
2016-02-10 02:00:00,11.800550133386011
2016-02-10 03:00:00,12.18600571422651
2016-02-10 04:00:00,9.22825713517463
2016-02-10 05:00:00,6.224925162085555
2016-02-10 06:00:00,8.921692017604656
2016-02-10 07:00:00,-30.64278947283561
2016-02-10 08:00:00,-16.758379628432024
2016-02-10 09:00:00,-19.533788366475562
2016-02-10 10:00:00,-6.540435623908223
2016-02-10 11:00:00,-4.972917223872656
2016-02-10 12:00:00,-46.574237928283296
2016-02-10 13:00:00,-41.73753224894788
2016-02-10 14:00:00,15.998884630952347
2016-02-10 15:00:00,21.140134685175042
2016-02-10 16:00:00,-5.449897457627344
2016-02-10 17:00:00,-71.62982937893702
2016-02-10 18:00:00,163.6911669350614
2016-02-10 19:00:00,-100.58696502478563
2016-02-10 20:00:00,-6.48414982517437
2016-02-10 21:00:00,14.352546360647366
2016-02-10 22:00:00,27.651696361948098
2016-02-10 23:00:00,-4.69335958647703
2016-02-11 00:00:00,-14.43800129231147
2016-02-11 01:00:00,5.781937721806351
2016-02-11 02:00:00,8.531936407949573
2016-02-11 03:00:00,-4.876522068179177
2016-02-11 04:00:00,0.9118935725493813
2016-02-11 05:00:00,4.359475078094945
2016-02-11 06:00:00,-2.6917561001525954
2016-02-11 07:00:00,-29.114540299746608
2016-02-11 08:00:00,23.110660358601777
2016-02-11 09:00:00,-39.585269320494845
2016-02-11 10:00:00,3.6369615649602594
2016-02-11 11:00:00,62.327596947573525
2016-02-11 12:00:00,-31.096352028715103
2016-02-11 13:00:00,-49.29442534121132
2016-02-11 14:00:00,24.516413900941885
2016-02-11 15:00:00,39.836978146269146
2016-02-11 16:00:00,-15.489723423564897
2016-02-11 17:00:00,-3.2972117246185633
2016-02-11 18:00:00,253.4061401924578
2016-02-11 19:00:00,-140.6034306027886
2016-02-11 20:00:00,-69.54497524673764
2016-02-11 21:00:00,23.74227760701723
2016-02-11 22:00:00,7.528377460006723
2016-02-11 23:00:00,-13.442963051726203
2016-02-12 00:00:00,18.515188433480517
2016-02-12 01:00:00,-6.582299467918375
2016-02-12 02:00:00,8.832238630543152
2016-02-12 03:00:00,8.844992096840521
2016-02-12 04:00:00,6.987205787239041
2016-02-12 05:00:00,-12.93675730733127
2016-02-12 06:00:00,5.39473168944069
2016-02-12 07:00:00,-6.049297027209079
2016-02-12 08:00:00,-58.20500572273284
2016-02-12 09:00:00,56.02518332223306
2016-02-12 10:00:00,-40.17851685310822
2016-02-12 11:00:00,144.22018616431876
2016-02-12 12:00:00,81.61249703715771
2016-02-12 13:00:00,113.26465386612392
2016-02-12 14:00:00,143.5823152896371
2016-02-12 15:00:00,-151.64967121128544
2016-02-12 16:00:00,-73.2382565343641
2016-02-12 17:00:00,21.297627094291812
2016-02-12 18:00:00,-56.61656732903188
2016-02-12 19:00:00,-51.06107860138033
2016-02-12 20:00:00,-9.633357064294557
2016-02-12 21:00:00,14.974688705430722
2016-02-12 22:00:00,-2.0562270973098933
2016-02-12 23:00:00,6.770620753244465
2016-02-13 00:00:00,20.14828570782626
2016-02-13 01:00:00,3.163086191826551
2016-02-13 02:00:00,-10.289263642340842
2016-02-13 03:00:00,8.132626951753963
2016-02-13 04:00:00,2.3071376266700554
2016-02-13 05:00:00,3.513930860235469
2016-02-13 06:00:00,-14.234087965436508
2016-02-13 07:00:00,-20.720461080624922
2016-02-13 08:00:00,-31.774720218728078
2016-02-13 09:00:00,56.99486891717541
2016-02-13 10:00:00,-48.733755624478384
2016-02-13 11:00:00,146.7078712639673
2016-02-13 12:00:00,-12.75159759207017
2016-02-13 13:00:00,-69.84958024492573
2016-02-13 14:00:00,-19.200013769461407
2016-02-13 15:00:00,-20.742345518457228
2016-02-13 16:00:00,-6.973692083615191
2016-02-13 17:00:00,-59.95113805922679
2016-02-13 18:00:00,126.38090380941605
2016-02-13 19:00:00,-0.16486313097959737
2016-02-13 20:00:00,-92.02317316522402
2016-02-13 21:00:00,-31.198528076860143
2016-02-13 22:00:00,4.839247478536777
2016-02-13 23:00:00,14.49364670503288
2016-02-14 00:00:00,9.386517071837197
2016-02-14 01:00:00,8.100416066491768
2016-02-14 02:00:00,9.73779371172757
2016-02-14 03:00:00,-2.3183896189425823
2016-02-14 04:00:00,10.155126757530908
2016-02-14 05:00:00,5.4257555950857395
2016-02-14 06:00:00,-0.5270178817262234
2016-02-14 07:00:00,-30.633801276031335
2016-02-14 08:00:00,-13.247397655346518
2016-02-14 09:00:00,47.376095017289046
2016-02-14 10:00:00,-34.04775205864715
2016-02-14 11:00:00,72.71736117067218
2016-02-14 12:00:00,-40.67012662368512
2016-02-14 13:00:00,-3.9089739786309394
2016-02-14 14:00:00,-9.94809280167469
2016-02-14 15:00:00,0.4132308376674274
2016-02-14 16:00:00,-0.5615206469214655
2016-02-14 17:00:00,-34.57702495269223
2016-02-14 18:00:00,-9.344094443677193
2016-02-14 19:00:00,49.55076978351701
2016-02-14 20:00:00,1.096875743967587
2016-02-14 21:00:00,2.9462797449014317
2016-02-14 22:00:00,13.305942959527869
2016-02-14 23:00:00,-24.55569902335342
2016-02-15 00:00:00,5.31763348795841
2016-02-15 01:00:00,3.330889370466231
2016-02-15 02:00:00,9.199199504157512
2016-02-15 03:00:00,9.144275023527705
2016-02-15 04:00:00,-7.338496958785079
2016-02-15 05:00:00,9.394799217841701
2016-02-15 06:00:00,-1.6004863033072425
2016-02-15 07:00:00,-16.146570460835868
2016-02-15 08:00:00,38.253172943620626
2016-02-15 09:00:00,-62.065854498747726
2016-02-15 10:00:00,295.1514357799519
2016-02-15 11:00:00,-82.74507298035056
2016-02-15 12:00:00,-27.118233809236415
2016-02-15 13:00:00,89.01588947690956
2016-02-15 14:00:00,-4.205906154617992
2016-02-15 15:00:00,-103.53415057263774
2016-02-15 16:00:00,-61.46044796636108
2016-02-15 17:00:00,-35.63648225451105
2016-02-15 18:00:00,62.900602554133854
2016-02-15 19:00:00,57.78743499827053
2016-02-15 20:00:00,-4.964816653445524
2016-02-15 21:00:00,28.268191151671914
2016-02-15 22:00:00,-30.553287045165106
2016-02-15 23:00:00,-17.58961092784866
2016-02-16 00:00:00,9.559728506859223
2016-02-16 01:00:00,-11.722728874764343
2016-02-16 02:00:00,3.5023111347513165
2016-02-16 03:00:00,-5.253956811660366
2016-02-16 04:00:00,9.014416133156764
2016-02-16 05:00:00,-9.683545575393168
2016-02-16 06:00:00,-0.9805519081865128
2016-02-16 07:00:00,-14.859786346805095
2016-02-16 08:00:00,201.75822550631875
2016-02-16 09:00:00,28.959723080457195
2016-02-16 10:00:00,54.01846206160596
2016-02-16 11:00:00,-87.55685457215424
2016-02-16 12:00:00,-101.43522118504369
2016-02-16 13:00:00,-47.54116895782643
2016-02-16 14:00:00,-22.274273748373716
2016-02-16 15:00:00,-4.704743789530504
2016-02-16 16:00:00,-21.04432072946077
2016-02-16 17:00:00,-57.259830197128345
2016-02-16 18:00:00,-14.486642389911339
2016-02-16 19:00:00,24.1072114176076
2016-02-16 20:00:00,-17.91450851442474
2016-02-16 21:00:00,-3.238844495685214
2016-02-16 22:00:00,-0.6781174561914369
2016-02-16 23:00:00,9.714509642936704
2016-02-17 00:00:00,1.9316886647833869
2016-02-17 01:00:00,15.464661723840536
2016-02-17 02:00:00,4.907721141419536
2016-02-17 03:00:00,5.9833440785005365
2016-02-17 04:00:00,9.348337348275443
2016-02-17 05:00:00,-6.154176394743708
2016-02-17 06:00:00,8.058754431959017
2016-02-17 07:00:00,-11.476738216217164
2016-02-17 08:00:00,-59.284066969378806
2016-02-17 09:00:00,-41.78165373389995
2016-02-17 10:00:00,-12.0812442365078
2016-02-17 11:00:00,-34.55308104367842
2016-02-17 12:00:00,-51.53420905319599
2016-02-17 13:00:00,-9.826333202446364
2016-02-17 14:00:00,5.244856394703291
2016-02-17 15:00:00,-19.57990194515674
2016-02-17 16:00:00,4.433642311694868
2016-02-17 17:00:00,-41.03422653285902
2016-02-17 18:00:00,-91.21653846549773
2016-02-17 19:00:00,-16.333765220598863
2016-02-17 20:00:00,-9.241793807860702
2016-02-17 21:00:00,14.114563694097953
2016-02-17 22:00:00,-0.8305238340211076
2016-02-17 23:00:00,8.324181212682717
2016-02-18 00:00:00,6.011680608721456
2016-02-18 01:00:00,6.424317381221087
2016-02-18 02:00:00,8.045001916972296
2016-02-18 03:00:00,-9.130485121100534
2016-02-18 04:00:00,10.026003934868697
2016-02-18 05:00:00,-2.0710881377110724
2016-02-18 06:00:00,1.3273730479272956
2016-02-18 07:00:00,-12.64852893336161
2016-02-18 08:00:00,-36.20517235724638
2016-02-18 09:00:00,55.242815348933675
2016-02-18 10:00:00,-51.39014724634366
2016-02-18 11:00:00,176.38265181620366
2016-02-18 12:00:00,-64.34640232772085
2016-02-18 13:00:00,-103.80722917226251
2016-02-18 14:00:00,-43.83999849116583
2016-02-18 15:00:00,-17.579801873011938
2016-02-18 16:00:00,0.20660139353134355
2016-02-18 17:00:00,-26.545782480534967
2016-02-18 18:00:00,6.911487483361185
2016-02-18 19:00:00,-10.726232365760865
2016-02-18 20:00:00,-40.37126620297482
2016-02-18 21:00:00,-7.095757900684461
2016-02-18 22:00:00,10.50260740511682
2016-02-18 23:00:00,0.41441673643111443
2016-02-19 00:00:00,1.6731668512216729
2016-02-19 01:00:00,-2.3378195570541322
2016-02-19 02:00:00,3.5961187723418533
2016-02-19 03:00:00,-3.801107417457793
2016-02-19 04:00:00,4.336676590137401
2016-02-19 05:00:00,-5.10151471114731
2016-02-19 06:00:00,-4.124000752369206
2016-02-19 07:00:00,-6.619888304509395
2016-02-19 08:00:00,-32.537716727911615
2016-02-19 09:00:00,36.05217256139616
2016-02-19 10:00:00,202.2181838313762
2016-02-19 11:00:00,87.50289238718531
2016-02-19 12:00:00,200.6832467271451
2016-02-19 13:00:00,-149.66356797021433
2016-02-19 14:00:00,-39.13722917512649
2016-02-19 15:00:00,128.89646846177578
2016-02-19 16:00:00,-50.51157645099795
2016-02-19 17:00:00,23.779168117108554
2016-02-19 18:00:00,-65.56684854861678
2016-02-19 19:00:00,-121.35487054163892
2016-02-19 20:00:00,-41.227045626450106
2016-02-19 21:00:00,-21.183213783191988
2016-02-19 22:00:00,22.37716766057457
2016-02-19 23:00:00,17.350651300303362
2016-02-20 00:00:00,2.748524045964139
2016-02-20 01:00:00,8.101872693141885
2016-02-20 02:00:00,-0.7787494273452822
2016-02-20 03:00:00,0.6031805290514995
2016-02-20 04:00:00,0.7378223182391679
2016-02-20 05:00:00,-8.835824059820602
2016-02-20 06:00:00,4.0932485783545545
2016-02-20 07:00:00,-17.96177319142307
2016-02-20 08:00:00,-58.99063714515811
2016-02-20 09:00:00,-43.917125916655685
2016-02-20 10:00:00,181.94099527261764
2016-02-20 11:00:00,18.344180524888316
2016-02-20 12:00:00,-88.26718992751523
2016-02-20 13:00:00,221.04946499256926
2016-02-20 14:00:00,-39.80102118426197
2016-02-20 15:00:00,-110.47931995739205
2016-02-20 16:00:00,-11.413403285860511
2016-02-20 17:00:00,-26.35056577983454
2016-02-20 18:00:00,26.035486246041586
2016-02-20 19:00:00,-8.999119937193655
2016-02-20 20:00:00,-25.9829313169937
2016-02-20 21:00:00,-2.9430209800919727
2016-02-20 22:00:00,-4.04564500685624
2016-02-20 23:00:00,-4.981977687881873
2016-02-21 00:00:00,10.595113240351864
2016-02-21 01:00:00,4.133476749767013
2016-02-21 02:00:00,-9.332419268891194
2016-02-21 03:00:00,5.757068585483616
2016-02-21 04:00:00,4.988202297132474
2016-02-21 05:00:00,-0.16877561869046076
2016-02-21 06:00:00,-14.04993287996735
2016-02-21 07:00:00,-12.56509767646559
2016-02-21 08:00:00,-46.74836615298463
2016-02-21 09:00:00,-44.74177578241315
2016-02-21 10:00:00,-5.994703927263089
2016-02-21 11:00:00,-47.79990130481241
2016-02-21 12:00:00,-26.441467478476
2016-02-21 13:00:00,-17.750957690333266
2016-02-21 14:00:00,38.51140544620053
2016-02-21 15:00:00,13.978896397547288
2016-02-21 16:00:00,-11.864706269863206
2016-02-21 17:00:00,0.7894797009907961
2016-02-21 18:00:00,27.71577231416009
2016-02-21 19:00:00,97.01951279493272
2016-02-21 20:00:00,-20.14476136062808
2016-02-21 21:00:00,-4.738710219882961
2016-02-21 22:00:00,-31.30394683497385
2016-02-21 23:00:00,-5.891769532033905
2016-02-22 00:00:00,5.431705554153773
2016-02-22 01:00:00,9.689864015292791
2016-02-22 02:00:00,5.4533198627485575
2016-02-22 03:00:00,5.716688924234454
2016-02-22 04:00:00,-5.659898874907455
2016-02-22 05:00:00,3.886061657353821
2016-02-22 06:00:00,5.830047301720924
2016-02-22 07:00:00,-12.342900281618391
2016-02-22 08:00:00,-22.611757301571146
2016-02-22 09:00:00,31.264409169766083
2016-02-22 10:00:00,-79.01120835840464
2016-02-22 11:00:00,145.15784350756962
2016-02-22 12:00:00,6.969479103073837
2016-02-22 13:00:00,-81.03606479266486
2016-02-22 14:00:00,-58.14605306339826
2016-02-22 15:00:00,-13.093937845901102
2016-02-22 16:00:00,-21.611589673024234
2016-02-22 17:00:00,12.145652132983855
2016-02-22 18:00:00,44.82676313450369
2016-02-22 19:00:00,-49.74969548983316
2016-02-22 20:00:00,30.191315369289384
2016-02-22 21:00:00,-14.512522603556704
2016-02-22 22:00:00,-10.3568215377829
2016-02-22 23:00:00,11.547484925619486
2016-02-23 00:00:00,18.975139974950977
2016-02-23 01:00:00,5.243423310360228
2016-02-23 02:00:00,-6.700784746386802
2016-02-23 03:00:00,6.4068722181783215
2016-02-23 04:00:00,7.460570017732415
2016-02-23 05:00:00,2.447004311793748
2016-02-23 06:00:00,-7.065086027654083
2016-02-23 07:00:00,-11.049704134921242
2016-02-23 08:00:00,-32.64848501264128
2016-02-23 09:00:00,50.20941978650991
2016-02-23 10:00:00,-6.980853607005855
2016-02-23 11:00:00,-32.07801089265948
2016-02-23 12:00:00,-47.16845544712743
2016-02-23 13:00:00,25.04477973712362
2016-02-23 14:00:00,-35.08265322205724
2016-02-23 15:00:00,50.88170214292663
2016-02-23 16:00:00,-40.35234308572994
2016-02-23 17:00:00,-73.63976103813718
2016-02-23 18:00:00,91.36672302866793
2016-02-23 19:00:00,-51.239588293112035
2016-02-23 20:00:00,-14.105942773350591
2016-02-23 21:00:00,-4.986515440892504
2016-02-23 22:00:00,-3.038059260889284
2016-02-23 23:00:00,3.1993127665662016
2016-02-24 00:00:00,4.748461763031088
2016-02-24 01:00:00,0.382491622505178
2016-02-24 02:00:00,-1.2475465743810545
2016-02-24 03:00:00,6.270258998758685
2016-02-24 04:00:00,1.6579178603300022
2016-02-24 05:00:00,-3.1975041034325002
2016-02-24 06:00:00,-9.10014956733486
2016-02-24 07:00:00,4.742314173534453
2016-02-24 08:00:00,-52.633539388932654
2016-02-24 09:00:00,-24.1156236261276
2016-02-24 10:00:00,-42.27139921141324
2016-02-24 11:00:00,-55.07903945573627
2016-02-24 12:00:00,-44.09535892354551
2016-02-24 13:00:00,75.87633131308185
2016-02-24 14:00:00,16.98034155356693
2016-02-24 15:00:00,71.7297932546572
2016-02-24 16:00:00,-32.0713142371702
2016-02-24 17:00:00,-65.27442950970561
2016-02-24 18:00:00,-91.25043480540313
2016-02-24 19:00:00,-4.505259498950096
2016-02-24 20:00:00,30.01622282368838
2016-02-24 21:00:00,13.759489577429392
2016-02-24 22:00:00,17.12144166751014
2016-02-24 23:00:00,11.097100515437887
2016-02-25 00:00:00,-0.013865404467161113
2016-02-25 01:00:00,-18.783399140984677
2016-02-25 02:00:00,1.072194458074037
2016-02-25 03:00:00,0.5145323009877458
2016-02-25 04:00:00,-2.957675250386856
2016-02-25 05:00:00,4.407381105857667
2016-02-25 06:00:00,-10.971889050798332
2016-02-25 07:00:00,1.5252254150373048
2016-02-25 08:00:00,53.79017242558972
2016-02-25 09:00:00,42.506077812110334
2016-02-25 10:00:00,-39.66942404132163
2016-02-25 11:00:00,252.9343238840706
2016-02-25 12:00:00,-52.386746020632586
2016-02-25 13:00:00,176.21412561770097
2016-02-25 14:00:00,-36.55256777573976
2016-02-25 15:00:00,-27.638306104524474
2016-02-25 16:00:00,-60.67661390698599
2016-02-25 17:00:00,-49.40108317806097
2016-02-25 18:00:00,90.91974366277361
2016-02-25 19:00:00,-67.00987075752624
2016-02-25 20:00:00,-5.524374162799177
2016-02-25 21:00:00,-28.823201230825674
2016-02-25 22:00:00,11.514023782558873
2016-02-25 23:00:00,8.768333037012987
2016-02-26 00:00:00,-10.058052208625817
2016-02-26 01:00:00,6.0398239666685996
2016-02-26 02:00:00,-0.5385579721075473
2016-02-26 03:00:00,-5.33875638259002
2016-02-26 04:00:00,4.442462114112445
2016-02-26 05:00:00,3.67380567162904
2016-02-26 06:00:00,-12.038746720195249
2016-02-26 07:00:00,-8.812016175189179
2016-02-26 08:00:00,61.55120673891943
2016-02-26 09:00:00,116.93161795400604
2016-02-26 10:00:00,-33.03395351017349
2016-02-26 11:00:00,-160.2954810748301
2016-02-26 12:00:00,334.78312573346165
2016-02-26 13:00:00,-150.25087716623858
2016-02-26 14:00:00,-87.83795160350796
2016-02-26 15:00:00,-38.17107305116824
2016-02-26 16:00:00,-4.647425728241835
2016-02-26 17:00:00,-51.80154732805467
2016-02-26 18:00:00,-32.108242190260086
2016-02-26 19:00:00,22.734793155060572
2016-02-26 20:00:00,-8.387720884986948
2016-02-26 21:00:00,13.330761046012213
2016-02-26 22:00:00,-7.158736487139805
2016-02-26 23:00:00,-14.921524744032922
2016-02-27 00:00:00,7.169845987080144
2016-02-27 01:00:00,5.20722802962505
2016-02-27 02:00:00,-7.4386036355225755
2016-02-27 03:00:00,2.022858574603312
2016-02-27 04:00:00,-0.7516536474026907
2016-02-27 05:00:00,-2.608543717439673
2016-02-27 06:00:00,3.4922006833628885
2016-02-27 07:00:00,-20.62909645503256
2016-02-27 08:00:00,-32.250774506046156
2016-02-27 09:00:00,37.148788051300954
2016-02-27 10:00:00,-4.014400792079044
2016-02-27 11:00:00,-13.930850297014672
2016-02-27 12:00:00,-62.3450259271105
2016-02-27 13:00:00,72.37491164635003
2016-02-27 14:00:00,78.25473363305174
2016-02-27 15:00:00,-81.53561435404941
2016-02-27 16:00:00,-40.621222092886235
2016-02-27 17:00:00,-30.769279311002393
2016-02-27 18:00:00,-80.70211979537305
2016-02-27 19:00:00,-10.69636357867958
2016-02-27 20:00:00,24.915621449317882
2016-02-27 21:00:00,15.945060217521302
2016-02-27 22:00:00,2.7468216819048834
2016-02-27 23:00:00,22.226323611466327
2016-02-28 00:00:00,-6.832694613129547
2016-02-28 01:00:00,-6.992050721474328
2016-02-28 02:00:00,8.888793886082638
2016-02-28 03:00:00,-5.496959221250208
2016-02-28 04:00:00,-1.3273797845779782
2016-02-28 05:00:00,9.936569460443465
2016-02-28 06:00:00,-5.260565177381068
2016-02-28 07:00:00,-11.620154545499126
2016-02-28 08:00:00,-32.09196441790306
2016-02-28 09:00:00,-28.579084754381626
2016-02-28 10:00:00,-50.18913579933892
2016-02-28 11:00:00,-81.11295961554643
2016-02-28 12:00:00,-39.38399237014858
2016-02-28 13:00:00,-37.963162037580595
2016-02-28 14:00:00,4.186647094046073
2016-02-28 15:00:00,-6.402058975964231
2016-02-28 16:00:00,-13.140840196338836
2016-02-28 17:00:00,-36.28454465805439
2016-02-28 18:00:00,-115.03233413097152
2016-02-28 19:00:00,-33.39974456819011
2016-02-28 20:00:00,34.957781782540124
2016-02-28 21:00:00,20.575188412357335
2016-02-28 22:00:00,1.4139612473866165
2016-02-28 23:00:00,-5.035138953608019
2016-02-29 00:00:00,16.216984955213917
2016-02-29 01:00:00,-5.605515628960148
2016-02-29 02:00:00,7.5342593761104055
2016-02-29 03:00:00,-8.145163744372802
2016-02-29 04:00:00,7.232363020114896
2016-02-29 05:00:00,-2.7309964046578514
2016-02-29 06:00:00,8.65735438593292
2016-02-29 07:00:00,-16.60009363629016
2016-02-29 08:00:00,131.51959594895337
2016-02-29 09:00:00,-94.8026858640826
2016-02-29 10:00:00,218.83736341296856
2016-02-29 11:00:00,18.05812751536652
2016-02-29 12:00:00,135.11380109800805
2016-02-29 13:00:00,16.17343602594974
2016-02-29 14:00:00,123.34144770805162
2016-02-29 15:00:00,136.61103417719244
2016-02-29 16:00:00,-15.05325186648031
2016-02-29 17:00:00,-29.107551812309964
2016-02-29 18:00:00,97.02702790558328
2016-02-29 19:00:00,-130.42177495095802
2016-02-29 20:00:00,-39.76258086914095
2016-02-29 21:00:00,6.749339182220865
2016-02-29 22:00:00,11.66798395646687
2016-02-29 23:00:00,-10.114230767615474
2016-03-01 00:00:00,16.061593962831644
2016-03-01 01:00:00,2.9570995961300213
2016-03-01 02:00:00,-9.07786064074481
2016-03-01 03:00:00,1.6748199856340875
2016-03-01 04:00:00,-9.306963298535557
2016-03-01 05:00:00,2.3987388712053246
2016-03-01 06:00:00,-3.488238656978673
2016-03-01 07:00:00,-4.72790296967824
2016-03-01 08:00:00,-19.24609253238141
2016-03-01 09:00:00,-41.42280359246054
2016-03-01 10:00:00,-64.88666778564374
2016-03-01 11:00:00,-3.1575502247288796
2016-03-01 12:00:00,-48.769835023064914
2016-03-01 13:00:00,46.68023920954448
2016-03-01 14:00:00,-54.64796966176749
2016-03-01 15:00:00,-43.6404434400554
2016-03-01 16:00:00,-7.0626298893305375
2016-03-01 17:00:00,-36.863786247036984
2016-03-01 18:00:00,99.59802424697452
2016-03-01 19:00:00,-56.35211198313556
2016-03-01 20:00:00,-21.132751298641097
2016-03-01 21:00:00,5.969897405485483
2016-03-01 22:00:00,-4.928665340202151
2016-03-01 23:00:00,-9.28924245727898
2016-03-02 00:00:00,4.996462336529071
2016-03-02 01:00:00,7.136755053447224
2016-03-02 02:00:00,-6.090052176950749
2016-03-02 03:00:00,2.986454722094763
2016-03-02 04:00:00,3.4986761208631236
2016-03-02 05:00:00,-6.828066527398043
2016-03-02 06:00:00,-5.761113560270793
2016-03-02 07:00:00,3.4010666048623506
2016-03-02 08:00:00,77.3267354873896
2016-03-02 09:00:00,18.350808957015744
2016-03-02 10:00:00,-36.80496854035377
2016-03-02 11:00:00,-77.18428956544939
2016-03-02 12:00:00,-60.382962292240904
2016-03-02 13:00:00,-15.684549262364513
2016-03-02 14:00:00,-1.4815966765062
2016-03-02 15:00:00,-9.03010559299912
2016-03-02 16:00:00,22.06954466378211
2016-03-02 17:00:00,32.0428708224335
2016-03-02 18:00:00,45.41547769832613
2016-03-02 19:00:00,27.229459917710358
2016-03-02 20:00:00,-21.557177853756258
2016-03-02 21:00:00,-21.911007578594692
2016-03-02 22:00:00,-8.73328989243803
2016-03-02 23:00:00,-5.166681872890955
2016-03-03 00:00:00,0.3432388129558106
2016-03-03 01:00:00,2.009972517412784
2016-03-03 02:00:00,-8.181959583265687
2016-03-03 03:00:00,9.943441598239794
2016-03-03 04:00:00,0.4645918392770696
2016-03-03 05:00:00,-5.123040743413597
2016-03-03 06:00:00,-5.623091804677124
2016-03-03 07:00:00,-3.8102571530962948
2016-03-03 08:00:00,-35.63961120747659
2016-03-03 09:00:00,9.45283113018229
2016-03-03 10:00:00,-42.32621426386943
2016-03-03 11:00:00,-61.28575285745748
2016-03-03 12:00:00,1.6221795777539114
2016-03-03 13:00:00,132.36824714531687
2016-03-03 14:00:00,10.346694877527398
2016-03-03 15:00:00,-85.22566257723054
2016-03-03 16:00:00,45.93114642473601
2016-03-03 17:00:00,28.745419519152563
2016-03-03 18:00:00,-134.64290088307538
2016-03-03 19:00:00,-13.645343929576313
2016-03-03 20:00:00,10.694143485583282
2016-03-03 21:00:00,-10.889644381537082
2016-03-03 22:00:00,-0.8585866893423457
2016-03-03 23:00:00,10.58310135427616
2016-03-04 00:00:00,5.698517817327399
2016-03-04 01:00:00,4.436195582350017
2016-03-04 02:00:00,1.6696873017541733
2016-03-04 03:00:00,-11.089896137869466
2016-03-04 04:00:00,2.6632536044498707
2016-03-04 05:00:00,4.8121415153906995
2016-03-04 06:00:00,-0.8620616548532922
2016-03-04 07:00:00,-26.10474069255818
2016-03-04 08:00:00,-38.34924800183165
2016-03-04 09:00:00,-48.94425647942251
2016-03-04 10:00:00,-53.3733537854555
2016-03-04 11:00:00,-48.884866350220584
2016-03-04 12:00:00,-38.22267867927899
2016-03-04 13:00:00,56.00920515304588
2016-03-04 14:00:00,152.8271124071043
2016-03-04 15:00:00,140.37019520772833
2016-03-04 16:00:00,49.88688144811982
2016-03-04 17:00:00,-70.22206963092012
2016-03-04 18:00:00,-148.83920389269707
2016-03-04 19:00:00,55.73214274005271
2016-03-04 20:00:00,4.6334446418026545
2016-03-04 21:00:00,3.3244792345746816
2016-03-04 22:00:00,17.804070387998607
2016-03-04 23:00:00,-16.86792003404713
2016-03-05 00:00:00,-3.379882559645246
2016-03-05 01:00:00,-8.64521191663215
2016-03-05 02:00:00,8.211104851483803
2016-03-05 03:00:00,3.5878537581879684
2016-03-05 04:00:00,-1.3278289489403647
2016-03-05 05:00:00,-11.257936458841009
2016-03-05 06:00:00,4.0894036343163975
2016-03-05 07:00:00,-9.742965437907095
2016-03-05 08:00:00,-49.242560745775094
2016-03-05 09:00:00,-47.17488041855073
2016-03-05 10:00:00,-21.34347509150127
2016-03-05 11:00:00,-25.91262031195366
2016-03-05 12:00:00,-28.27326655120224
2016-03-05 13:00:00,-31.55041253790037
2016-03-05 14:00:00,166.04647592432656
2016-03-05 15:00:00,102.65006245315297
2016-03-05 16:00:00,124.17491220290674
2016-03-05 17:00:00,-163.6633777886792
2016-03-05 18:00:00,-24.473712898695567
2016-03-05 19:00:00,-29.906723176096364
2016-03-05 20:00:00,-34.46887334067942
2016-03-05 21:00:00,1.077332604406564
2016-03-05 22:00:00,43.14462661484293
2016-03-05 23:00:00,-11.705064988755716
2016-03-06 00:00:00,-9.588751660604437
2016-03-06 01:00:00,5.643203861589122
2016-03-06 02:00:00,-0.7609230125721282
2016-03-06 03:00:00,-4.049249123968217
2016-03-06 04:00:00,3.821181454382689
2016-03-06 05:00:00,-2.5725853989246943
2016-03-06 06:00:00,-5.823325083733614
2016-03-06 07:00:00,-8.726133254248175
2016-03-06 08:00:00,-46.789665589161324
2016-03-06 09:00:00,-37.67687699179914
2016-03-06 10:00:00,-31.568376133064092
2016-03-06 11:00:00,-25.181499111020912
2016-03-06 12:00:00,-14.662044131808855
2016-03-06 13:00:00,-26.602824281961247
2016-03-06 14:00:00,-29.442041911701097
2016-03-06 15:00:00,-7.928240981960315
2016-03-06 16:00:00,-4.578224397922369
2016-03-06 17:00:00,-16.53146922574423
2016-03-06 18:00:00,213.651584738272
2016-03-06 19:00:00,9.04367602883275
2016-03-06 20:00:00,51.64201730922588
2016-03-06 21:00:00,-1.9989622224236143
2016-03-06 22:00:00,-52.649605840419085
2016-03-06 23:00:00,-15.048567625995425
2016-03-07 00:00:00,-11.605097349053203
2016-03-07 01:00:00,2.962499487324095
2016-03-07 02:00:00,0.2325227645615371
2016-03-07 03:00:00,-2.012857090453352
2016-03-07 04:00:00,-0.7265535769767055
2016-03-07 05:00:00,-5.72006395425516
2016-03-07 06:00:00,4.287693127356789
2016-03-07 07:00:00,-2.8777197826708587
2016-03-07 08:00:00,41.31091302836529
2016-03-07 09:00:00,-43.65953729894058
2016-03-07 10:00:00,317.79693444909026
2016-03-07 11:00:00,242.94086971497688
2016-03-07 12:00:00,-86.21383174446248
2016-03-07 13:00:00,42.98747380334936
2016-03-07 14:00:00,20.627916234460315
2016-03-07 15:00:00,63.56358760534687
2016-03-07 16:00:00,-44.79150698133776
2016-03-07 17:00:00,-100.80226345508815
2016-03-07 18:00:00,-112.21900411483527
2016-03-07 19:00:00,130.78934960418883
2016-03-07 20:00:00,-11.465121626293808
2016-03-07 21:00:00,-29.473895279233176
2016-03-07 22:00:00,15.891150758231213
2016-03-07 23:00:00,12.911976630586963
2016-03-08 00:00:00,5.527367231121502
2016-03-08 01:00:00,3.6262061278250286
2016-03-08 02:00:00,-0.8504973681396493
2016-03-08 03:00:00,-6.838726299956129
2016-03-08 04:00:00,-2.4537734852065753
2016-03-08 05:00:00,2.993944252251076
2016-03-08 06:00:00,-5.111204304175878
2016-03-08 07:00:00,0.0662526301084867
2016-03-08 08:00:00,-43.80039104320911
2016-03-08 09:00:00,-57.54484953791681
2016-03-08 10:00:00,-52.73414019566744
2016-03-08 11:00:00,-58.25711509976077
2016-03-08 12:00:00,53.375021038062016
2016-03-08 13:00:00,6.662921281481715
2016-03-08 14:00:00,-73.40830891687938
2016-03-08 15:00:00,-48.44391809165396
2016-03-08 16:00:00,-8.042263453151115
2016-03-08 17:00:00,-24.446952950059817
2016-03-08 18:00:00,175.7399272811321
2016-03-08 19:00:00,-61.07915492611136
2016-03-08 20:00:00,-42.68478750388033
2016-03-08 21:00:00,7.28815315008238
2016-03-08 22:00:00,-2.884460926183529
2016-03-08 23:00:00,-17.07129904073443
2016-03-09 00:00:00,7.884826347064738
2016-03-09 01:00:00,4.829369077646149
2016-03-09 02:00:00,-5.675793392939575
2016-03-09 03:00:00,8.791044171635
2016-03-09 04:00:00,-1.7947211541874424
2016-03-09 05:00:00,-10.698699168389403
2016-03-09 06:00:00,7.4541145076665245
2016-03-09 07:00:00,-1.8806734932228153
2016-03-09 08:00:00,94.85132046097779
2016-03-09 09:00:00,27.54837516279639
2016-03-09 10:00:00,-16.29834280381243
2016-03-09 11:00:00,-125.30033253123423
2016-03-09 12:00:00,-66.29372326659436
2016-03-09 13:00:00,-19.861532371107828
2016-03-09 14:00:00,16.309671061572274
2016-03-09 15:00:00,23.36552744037499
2016-03-09 16:00:00,13.08377099963161
2016-03-09 17:00:00,-5.330122774534203
2016-03-09 18:00:00,-62.04712092415292
2016-03-09 19:00:00,11.97608457798664
2016-03-09 20:00:00,24.56458912491655
2016-03-09 21:00:00,4.956372480139294
2016-03-09 22:00:00,-16.884009096832493
2016-03-09 23:00:00,9.608391555826778
2016-03-10 00:00:00,12.432294821201417
2016-03-10 01:00:00,-3.5125282162998417
2016-03-10 02:00:00,-1.9225407362872247
2016-03-10 03:00:00,-3.6304264222928566
2016-03-10 04:00:00,-4.304751474998724
2016-03-10 05:00:00,6.126969914822865
2016-03-10 06:00:00,-10.083107836063334
2016-03-10 07:00:00,-3.329587771221263
2016-03-10 08:00:00,-40.883869327543096
2016-03-10 09:00:00,-15.727630619336082
2016-03-10 10:00:00,-16.1981962230373
2016-03-10 11:00:00,-43.810100429745106
2016-03-10 12:00:00,-27.760321716526832
2016-03-10 13:00:00,-20.654335281104593
2016-03-10 14:00:00,-32.76593792203664
2016-03-10 15:00:00,-23.77321384176529
2016-03-10 16:00:00,28.56919781337635
2016-03-10 17:00:00,178.50931322126206
2016-03-10 18:00:00,185.12114052180817
2016-03-10 19:00:00,-132.70004312511824
2016-03-10 20:00:00,-39.85331114299851
2016-03-10 21:00:00,-14.981231773162378
2016-03-10 22:00:00,-7.605362247841953
2016-03-10 23:00:00,-16.306175675805477
2016-03-11 00:00:00,7.003625343189427
2016-03-11 01:00:00,6.7328526846005445
2016-03-11 02:00:00,-3.6800086514512103
2016-03-11 03:00:00,7.8769210410950095
2016-03-11 04:00:00,-6.861551776048586
2016-03-11 05:00:00,6.221675222412706
2016-03-11 06:00:00,-3.308459216110272
2016-03-11 07:00:00,2.362134478345993
2016-03-11 08:00:00,120.14427096079704
2016-03-11 09:00:00,-6.4925332708643
2016-03-11 10:00:00,-117.90104686155158
2016-03-11 11:00:00,-80.68285797910818
2016-03-11 12:00:00,-20.82520026965647
2016-03-11 13:00:00,-50.28644394253984
2016-03-11 14:00:00,-11.10022819764582
2016-03-11 15:00:00,-30.224009265223224
2016-03-11 16:00:00,-8.744267379077058
2016-03-11 17:00:00,-28.820570262295327
2016-03-11 18:00:00,-51.280603475802366
2016-03-11 19:00:00,44.89773150477991
2016-03-11 20:00:00,12.256712192533115
2016-03-11 21:00:00,-8.577373999457066
2016-03-11 22:00:00,-15.696147562738126
2016-03-11 23:00:00,9.234790529584146
2016-03-12 00:00:00,-5.42651623963603
2016-03-12 01:00:00,4.455984562535107
2016-03-12 02:00:00,1.0742866310133508
2016-03-12 03:00:00,-1.8489549780779342
2016-03-12 04:00:00,6.882270525893965
2016-03-12 05:00:00,-7.998881578899116
2016-03-12 06:00:00,3.553556708688319
2016-03-12 07:00:00,-12.261801481206021
2016-03-12 08:00:00,-41.7333381258916
2016-03-12 09:00:00,-37.62235394055417
2016-03-12 10:00:00,-6.956627813343886
2016-03-12 11:00:00,6.93824493056853
2016-03-12 12:00:00,111.82432395860417
2016-03-12 13:00:00,-8.480315422900873
2016-03-12 14:00:00,-43.03619146454636
2016-03-12 15:00:00,-34.902772684146456
2016-03-12 16:00:00,-15.442315275084425
2016-03-12 17:00:00,-12.951532226115717
2016-03-12 18:00:00,-51.36097320526429
2016-03-12 19:00:00,165.83368603351352
2016-03-12 20:00:00,80.86814206886123
2016-03-12 21:00:00,9.733566255228226
2016-03-12 22:00:00,-29.072430040456993
2016-03-12 23:00:00,-33.90400235507048
2016-03-13 00:00:00,-7.406788941111742
2016-03-13 01:00:00,1.4750870060123802
2016-03-13 02:00:00,-1.326254098074756
2016-03-13 03:00:00,10.879008019711577
2016-03-13 04:00:00,-5.786683757317483
2016-03-13 05:00:00,11.41835957688216
2016-03-13 06:00:00,-3.188938558448882
2016-03-13 07:00:00,-4.822384442632668
2016-03-13 08:00:00,-34.198749294135595
2016-03-13 09:00:00,-19.792965616524768
2016-03-13 10:00:00,10.512776419442389
2016-03-13 11:00:00,-31.520833226613206
2016-03-13 12:00:00,-57.98867471610518
2016-03-13 13:00:00,-36.753625516204494
2016-03-13 14:00:00,-15.766501253731711
2016-03-13 15:00:00,-9.685987157942002
2016-03-13 16:00:00,-6.755120995315679
2016-03-13 17:00:00,-21.3095354477353
2016-03-13 18:00:00,-67.90107943998379
2016-03-13 19:00:00,2.504502652384076
2016-03-13 20:00:00,22.968002221558777
2016-03-13 21:00:00,-13.657047156281422
2016-03-13 22:00:00,-5.733669823543529
2016-03-13 23:00:00,10.810292384543423
2016-03-14 00:00:00,-7.117122564014444
2016-03-14 01:00:00,5.509196334299155
2016-03-14 02:00:00,5.0640805121123975
2016-03-14 03:00:00,-5.3089352071381555
2016-03-14 04:00:00,4.864054887938352
2016-03-14 05:00:00,-8.919861918356624
2016-03-14 06:00:00,7.8995503477810445
2016-03-14 07:00:00,-12.263086875289837
2016-03-14 08:00:00,138.6991861527869
2016-03-14 09:00:00,6.90477042023204
2016-03-14 10:00:00,311.921386489239
2016-03-14 11:00:00,-68.23549467348425
2016-03-14 12:00:00,-155.1681499606221
2016-03-14 13:00:00,232.67141440664216
2016-03-14 14:00:00,149.10898760892945
2016-03-14 15:00:00,-49.56011044510345
2016-03-14 16:00:00,268.6489279965414
2016-03-14 17:00:00,-14.275743941280268
2016-03-14 18:00:00,-5.55641161471641
2016-03-14 19:00:00,-140.84406365388173
2016-03-14 20:00:00,-31.473470147645486
2016-03-14 21:00:00,13.732957210941223
2016-03-14 22:00:00,13.798170422723146
2016-03-14 23:00:00,7.088214784030413
2016-03-15 00:00:00,-11.332326901810056
2016-03-15 01:00:00,3.532256154592467
2016-03-15 02:00:00,5.534621695221112
2016-03-15 03:00:00,-9.391613586177748
2016-03-15 04:00:00,3.5484929038691675
2016-03-15 05:00:00,8.371742443352737
2016-03-15 06:00:00,-4.180188401159647
2016-03-15 07:00:00,94.01300691880468
2016-03-15 08:00:00,-84.475460129092
2016-03-15 09:00:00,-7.873392437408057
2016-03-15 10:00:00,-75.81841240934952
2016-03-15 11:00:00,-55.6477840557693
2016-03-15 12:00:00,37.233539636993385
2016-03-15 13:00:00,-44.965710113103185
2016-03-15 14:00:00,-40.54009588668905
2016-03-15 15:00:00,-15.279642207155213
2016-03-15 16:00:00,54.15054977203329
2016-03-15 17:00:00,27.7980205772503
2016-03-15 18:00:00,75.93626458556975
2016-03-15 19:00:00,65.0046709742345
2016-03-15 20:00:00,25.516134735796953
2016-03-15 21:00:00,-24.954617587613228
2016-03-15 22:00:00,-40.33516930528284
2016-03-15 23:00:00,1.3165364425130548
2016-03-16 00:00:00,7.7066035007202345
2016-03-16 01:00:00,0.7617963914315027
2016-03-16 02:00:00,2.3711412608224904
2016-03-16 03:00:00,-11.721595121022816
2016-03-16 04:00:00,7.329174712769905
2016-03-16 05:00:00,1.5187113519124935
2016-03-16 06:00:00,-6.129879572845027
2016-03-16 07:00:00,95.32101470606091
2016-03-16 08:00:00,-50.928614132877144
2016-03-16 09:00:00,311.88184177604
2016-03-16 10:00:00,-72.89004019824634
2016-03-16 11:00:00,-114.96456012017197
2016-03-16 12:00:00,-28.39947956255034
2016-03-16 13:00:00,-19.327541035269107
2016-03-16 14:00:00,330.14169478735255
2016-03-16 15:00:00,-66.50123497613211
2016-03-16 16:00:00,-20.97578597835988
2016-03-16 17:00:00,265.60909486140577
2016-03-16 18:00:00,230.28906679092415
2016-03-16 19:00:00,-164.15823468696988
2016-03-16 20:00:00,-97.88586806425843
2016-03-16 21:00:00,-24.383511548077976
2016-03-16 22:00:00,-18.946428488586307
2016-03-16 23:00:00,-5.616220789943668
2016-03-17 00:00:00,13.648961217858947
2016-03-17 01:00:00,7.0571000676960125
2016-03-17 02:00:00,-8.194897143049616
2016-03-17 03:00:00,11.322065688565004
2016-03-17 04:00:00,2.50537648484854
2016-03-17 05:00:00,-5.043303099207073
2016-03-17 06:00:00,0.13916194669910453
2016-03-17 07:00:00,-3.104894141128689
2016-03-17 08:00:00,74.73846488263578
2016-03-17 09:00:00,-79.42905374888288
2016-03-17 10:00:00,39.422826982291895
2016-03-17 11:00:00,-81.5465811079799
2016-03-17 12:00:00,-20.70560514519326
2016-03-17 13:00:00,-58.843008765964576
2016-03-17 14:00:00,-39.45094022555018
2016-03-17 15:00:00,5.549807345675475
2016-03-17 16:00:00,5.570488442639828
2016-03-17 17:00:00,-22.45664131290289
2016-03-17 18:00:00,77.4379634289129
2016-03-17 19:00:00,-36.38963040514585
2016-03-17 20:00:00,1.1042621327839584
2016-03-17 21:00:00,-10.863384779191506
2016-03-17 22:00:00,7.908288750538446
2016-03-17 23:00:00,10.839296571465574
2016-03-18 00:00:00,-15.880973797266016
2016-03-18 01:00:00,5.184243930888705
2016-03-18 02:00:00,8.74716862700167
2016-03-18 03:00:00,-10.651092012990894
2016-03-18 04:00:00,3.8318623680894746
2016-03-18 05:00:00,4.166833999980007
2016-03-18 06:00:00,0.5751965851171903
2016-03-18 07:00:00,-6.758216654917305
2016-03-18 08:00:00,-54.80778731807803
2016-03-18 09:00:00,-52.86502226558597
2016-03-18 10:00:00,-46.2034054945617
2016-03-18 11:00:00,-27.235195861566652
2016-03-18 12:00:00,2.052074165793101
2016-03-18 13:00:00,-43.358194703873174
2016-03-18 14:00:00,-33.59029901988276
2016-03-18 15:00:00,-15.220853097254718
2016-03-18 16:00:00,-18.42995159266851
2016-03-18 17:00:00,-12.018157490291244
2016-03-18 18:00:00,-46.339832316264534
2016-03-18 19:00:00,2.2504338954357195
2016-03-18 20:00:00,-1.6738644776951332
2016-03-18 21:00:00,-8.609959003686598
2016-03-18 22:00:00,-0.8234858100983118
2016-03-18 23:00:00,14.689447536137784
2016-03-19 00:00:00,8.916785503243275
2016-03-19 01:00:00,-3.533106129928541
2016-03-19 02:00:00,-2.2066763240180407
2016-03-19 03:00:00,10.779300345997619
2016-03-19 04:00:00,-2.0458228154264404
2016-03-19 05:00:00,-9.95472285806673
2016-03-19 06:00:00,9.201557825770138
2016-03-19 07:00:00,-8.706969595455966
2016-03-19 08:00:00,-35.24417422821966
2016-03-19 09:00:00,95.98403151436489
2016-03-19 10:00:00,-43.886783927635804
2016-03-19 11:00:00,321.8618987284527
2016-03-19 12:00:00,2.8144545831489154
2016-03-19 13:00:00,36.526553431976424
2016-03-19 14:00:00,-99.79350217706605
2016-03-19 15:00:00,-59.86689539366701
2016-03-19 16:00:00,-7.630538412170495
2016-03-19 17:00:00,-28.06089309922632
2016-03-19 18:00:00,-52.5479910274951
2016-03-19 19:00:00,-1.9583692976257367
2016-03-19 20:00:00,10.695048773132015
2016-03-19 21:00:00,9.016896202721384
2016-03-19 22:00:00,13.566041874046135
2016-03-19 23:00:00,-8.899893161442812
2016-03-20 00:00:00,11.186656691031551
2016-03-20 01:00:00,6.819289921008696
2016-03-20 02:00:00,-1.8297067600762915
2016-03-20 03:00:00,3.5792129521496605
2016-03-20 04:00:00,6.252164712056448
2016-03-20 05:00:00,3.2849740914320833
2016-03-20 06:00:00,-0.5629366779505958
2016-03-20 07:00:00,-14.717972771987284
2016-03-20 08:00:00,-0.7224604419585603
2016-03-20 09:00:00,53.385503931450174
2016-03-20 10:00:00,-30.532967092273452
2016-03-20 11:00:00,153.00168548689118
2016-03-20 12:00:00,7.153752772535086
2016-03-20 13:00:00,-86.77066750554533
2016-03-20 14:00:00,-9.456052832896773
2016-03-20 15:00:00,-13.014561242883289
2016-03-20 16:00:00,61.87016960179905
2016-03-20 17:00:00,-40.02059842307068
2016-03-20 18:00:00,61.19829164738587
2016-03-20 19:00:00,-39.325518038486734
2016-03-20 20:00:00,-9.086863622490853
2016-03-20 21:00:00,19.29156726585876
2016-03-20 22:00:00,-8.319827221091423
2016-03-20 23:00:00,-9.69834262765248
2016-03-21 00:00:00,11.324285360457921
2016-03-21 01:00:00,1.9332695220410514
2016-03-21 02:00:00,8.389639534580041
2016-03-21 03:00:00,-4.528921816706465
2016-03-21 04:00:00,3.2820105777957806
2016-03-21 05:00:00,7.149908374890714
2016-03-21 06:00:00,68.37501214047423
2016-03-21 07:00:00,-29.245177030913204
2016-03-21 08:00:00,52.52889007642678
2016-03-21 09:00:00,-91.45822192880192
2016-03-21 10:00:00,-75.20990494251369
2016-03-21 11:00:00,-43.50682883715033
2016-03-21 12:00:00,-25.610257744034655
2016-03-21 13:00:00,-36.59113128517488
2016-03-21 14:00:00,-29.989104127663005
2016-03-21 15:00:00,-0.761484096306674
2016-03-21 16:00:00,-20.803585165500813
2016-03-21 17:00:00,-43.56524814425588
2016-03-21 18:00:00,28.39087052310802
2016-03-21 19:00:00,13.78746548240828
2016-03-21 20:00:00,8.04771790366597
2016-03-21 21:00:00,8.409097258190698
2016-03-21 22:00:00,-12.238878020452212
2016-03-21 23:00:00,7.074142571803414
2016-03-22 00:00:00,7.152459211206839
2016-03-22 01:00:00,-1.669143468071944
2016-03-22 02:00:00,-2.3418604295485963
2016-03-22 03:00:00,-1.933160354779453
2016-03-22 04:00:00,0.8108843351773558
2016-03-22 05:00:00,5.732020925124594
2016-03-22 06:00:00,6.5439687700166544
2016-03-22 07:00:00,-21.536760084859516
2016-03-22 08:00:00,-49.08354429717006
2016-03-22 09:00:00,-43.80852186350549
2016-03-22 10:00:00,-52.910343384585794
2016-03-22 11:00:00,-40.94948100999148
2016-03-22 12:00:00,-24.15813224662356
2016-03-22 13:00:00,-30.391381758830214
2016-03-22 14:00:00,-24.737457918579835
2016-03-22 15:00:00,-13.832086657322598
2016-03-22 16:00:00,-18.1738813320381
2016-03-22 17:00:00,-20.998672062906955
2016-03-22 18:00:00,40.80659119853701
2016-03-22 19:00:00,59.89342543703572
2016-03-22 20:00:00,-14.697421377259474
2016-03-22 21:00:00,8.352823157589285
2016-03-22 22:00:00,-19.073314168832034
2016-03-22 23:00:00,-2.081954409392239
2016-03-23 00:00:00,2.475630654881094
2016-03-23 01:00:00,3.4558140550101726
2016-03-23 02:00:00,-11.069155977189155
2016-03-23 03:00:00,9.955876204230691
2016-03-23 04:00:00,5.33572449784954
2016-03-23 05:00:00,0.41125960307042675
2016-03-23 06:00:00,103.1260878599445
2016-03-23 07:00:00,13.153616414558257
2016-03-23 08:00:00,4.211959312037351
2016-03-23 09:00:00,-71.95311480104102
2016-03-23 10:00:00,-42.16065732808106
2016-03-23 11:00:00,-36.96509644076012
2016-03-23 12:00:00,-45.74678046010155
2016-03-23 13:00:00,-21.85297980428608
2016-03-23 14:00:00,21.096357884089755
2016-03-23 15:00:00,0.38150065267269895
2016-03-23 16:00:00,14.149632817410833
2016-03-23 17:00:00,-9.874510374854964
2016-03-23 18:00:00,-72.98833301627658
2016-03-23 19:00:00,9.920600260994235
2016-03-23 20:00:00,26.178020142176422
2016-03-23 21:00:00,-17.558169127248405
2016-03-23 22:00:00,5.20444336252924
2016-03-23 23:00:00,1.186589391673131
2016-03-24 00:00:00,4.166784700362413
2016-03-24 01:00:00,2.5255744086098915
2016-03-24 02:00:00,5.672176055044268
2016-03-24 03:00:00,2.1433443843732647
2016-03-24 04:00:00,-14.86070158045002
2016-03-24 05:00:00,9.899360658527847
2016-03-24 06:00:00,4.626363220721885
2016-03-24 07:00:00,-16.199346999727247
2016-03-24 08:00:00,-57.5933334350484
2016-03-24 09:00:00,-25.510664942921657
2016-03-24 10:00:00,-28.23160590367845
2016-03-24 11:00:00,-51.94274228823159
2016-03-24 12:00:00,-31.95262682193495
2016-03-24 13:00:00,-30.223042319259243
2016-03-24 14:00:00,-17.070370665976697
2016-03-24 15:00:00,-12.682359502572154
2016-03-24 16:00:00,48.19808278941707
2016-03-24 17:00:00,-6.698954122733838
2016-03-24 18:00:00,31.086133706033706
2016-03-24 19:00:00,-59.431628245089286
2016-03-24 20:00:00,-21.771877925378476
2016-03-24 21:00:00,11.6867980077172
2016-03-24 22:00:00,9.928824844601031
2016-03-24 23:00:00,0.34111097335871676
2016-03-25 00:00:00,4.836196445213744
2016-03-25 01:00:00,-5.49772306379726
2016-03-25 02:00:00,7.451886268332643
2016-03-25 03:00:00,8.674656425118968
2016-03-25 04:00:00,1.1175948110681304
2016-03-25 05:00:00,-2.9629379054824483
2016-03-25 06:00:00,-12.517030964269026
2016-03-25 07:00:00,3.673583699831248
2016-03-25 08:00:00,9.096031760177581
2016-03-25 09:00:00,149.05891981560336
2016-03-25 10:00:00,-17.787083346621074
2016-03-25 11:00:00,340.36898098167023
2016-03-25 12:00:00,-113.56640491961792
2016-03-25 13:00:00,165.56948232743187
2016-03-25 14:00:00,116.69993208658462
2016-03-25 15:00:00,72.92414808981744
2016-03-25 16:00:00,109.62804111079117
2016-03-25 17:00:00,-23.4565481818463
2016-03-25 18:00:00,64.3162859413714
2016-03-25 19:00:00,54.6701056814137
2016-03-25 20:00:00,-89.98294255084593
2016-03-25 21:00:00,-40.07259131256714
2016-03-25 22:00:00,-1.4673099096304014
2016-03-25 23:00:00,0.9476624125248421
2016-03-26 00:00:00,2.4980954415744634
2016-03-26 01:00:00,6.4739222716249
2016-03-26 02:00:00,4.641406346132584
2016-03-26 03:00:00,-7.027418019423436
2016-03-26 04:00:00,7.168246713647754
2016-03-26 05:00:00,1.6507454725787767
2016-03-26 06:00:00,-0.9748971220000584
2016-03-26 07:00:00,-9.941823454207743
2016-03-26 08:00:00,-31.838426220966923
2016-03-26 09:00:00,-44.51867959779246
2016-03-26 10:00:00,99.53686571707915
2016-03-26 11:00:00,124.055156889167
2016-03-26 12:00:00,63.87956542986723
2016-03-26 13:00:00,-127.02829379184146
2016-03-26 14:00:00,-69.45395896970878
2016-03-26 15:00:00,-14.361907937302448
2016-03-26 16:00:00,-17.049539806796858
2016-03-26 17:00:00,8.59066578807105
2016-03-26 18:00:00,-106.12431339747559
2016-03-26 19:00:00,96.39099193159836
2016-03-26 20:00:00,83.06386606162216
2016-03-26 21:00:00,-21.63628620020245
2016-03-26 22:00:00,127.9008880646613
2016-03-26 23:00:00,-54.01166379085636
2016-03-27 00:00:00,-46.721471365458875
2016-03-27 01:00:00,13.37629846655161
2016-03-27 02:00:00,13.089020493892697
2016-03-27 03:00:00,5.236523892099264
2016-03-27 04:00:00,4.11291874154545
2016-03-27 05:00:00,1.229616890546346
2016-03-27 06:00:00,2.3209165261034954
2016-03-27 07:00:00,-16.388193414073946
2016-03-27 08:00:00,-43.72787897152531
2016-03-27 09:00:00,-13.606368898531954
2016-03-27 10:00:00,-9.287530912740564
2016-03-27 11:00:00,-60.05144575959265
2016-03-27 12:00:00,-23.97517118094528
2016-03-27 13:00:00,-25.395566283022248
2016-03-27 14:00:00,-20.54778369415689
2016-03-27 15:00:00,-0.1926402478907221
2016-03-27 16:00:00,-23.859343605077484
2016-03-27 17:00:00,-5.030422234835143
2016-03-27 18:00:00,-38.836298503065535
2016-03-27 19:00:00,-30.452467185516923
2016-03-27 20:00:00,-22.348261294029157
2016-03-27 21:00:00,14.889068153552813
2016-03-27 22:00:00,31.81269217030828
2016-03-27 23:00:00,13.158528636836486
2016-03-28 00:00:00,3.913779183354407
2016-03-28 01:00:00,3.9034437402953728
2016-03-28 02:00:00,6.754859534517529
2016-03-28 03:00:00,7.391997587356144
2016-03-28 04:00:00,0.22441874046702992
2016-03-28 05:00:00,2.2327494801160768
2016-03-28 06:00:00,-9.604286194517648
2016-03-28 07:00:00,-1.3833521388323575
2016-03-28 08:00:00,-22.46861389509077
2016-03-28 09:00:00,-17.78346506954705
2016-03-28 10:00:00,29.65286892975574
2016-03-28 11:00:00,64.12082174409488
2016-03-28 12:00:00,-42.14475152962348
2016-03-28 13:00:00,95.88517139243402
2016-03-28 14:00:00,111.20998795276716
2016-03-28 15:00:00,53.236687315431425
2016-03-28 16:00:00,-63.65516934300294
2016-03-28 17:00:00,156.82003384814465
2016-03-28 18:00:00,-78.9521045927687
2016-03-28 19:00:00,-20.447134451826088
2016-03-28 20:00:00,49.14697487835704
2016-03-28 21:00:00,-52.00428718665442
2016-03-28 22:00:00,-25.260894763469587
2016-03-28 23:00:00,3.4023900536312794
2016-03-29 00:00:00,14.560726430203374
2016-03-29 01:00:00,7.097794356866125
2016-03-29 02:00:00,9.22134638153463
2016-03-29 03:00:00,0.9979210929041358
2016-03-29 04:00:00,7.268657308442265
2016-03-29 05:00:00,5.837875189685548
2016-03-29 06:00:00,-16.08607457302891
2016-03-29 07:00:00,-2.4576594983284323
2016-03-29 08:00:00,-21.672668153681172
2016-03-29 09:00:00,-15.935837558022499
2016-03-29 10:00:00,-28.76155501634109
2016-03-29 11:00:00,-71.91655941031908
2016-03-29 12:00:00,21.556019956340023
2016-03-29 13:00:00,3.0373481804449796
2016-03-29 14:00:00,-2.3678733551450932
2016-03-29 15:00:00,8.548375516351314
2016-03-29 16:00:00,10.179489230927004
2016-03-29 17:00:00,160.07446442407584
2016-03-29 18:00:00,-170.66066385629335
2016-03-29 19:00:00,-24.25157468038512
2016-03-29 20:00:00,31.43422376632101
2016-03-29 21:00:00,-6.641161350192135
2016-03-29 22:00:00,-8.408278519565577
2016-03-29 23:00:00,26.961914348790685
2016-03-30 00:00:00,11.914477404259976
2016-03-30 01:00:00,-3.7950254960311867
2016-03-30 02:00:00,7.679138529738616
2016-03-30 03:00:00,5.114496531353474
2016-03-30 04:00:00,-0.894292138326314
2016-03-30 05:00:00,-0.6158610592017837
2016-03-30 06:00:00,5.258789081832212
2016-03-30 07:00:00,-9.866860574572677
2016-03-30 08:00:00,-11.72761123657098
2016-03-30 09:00:00,-22.215368838624144
2016-03-30 10:00:00,-10.92622454550299
2016-03-30 11:00:00,-33.85165348114367
2016-03-30 12:00:00,3.519976291187618
2016-03-30 13:00:00,-18.742918224242473
2016-03-30 14:00:00,-16.245266082950053
2016-03-30 15:00:00,-0.7076424950455902
2016-03-30 16:00:00,-40.222449828903585
2016-03-30 17:00:00,-27.114029243580674
2016-03-30 18:00:00,14.91181132387149
2016-03-30 19:00:00,28.349195529042305
2016-03-30 20:00:00,66.21243429252357
2016-03-30 21:00:00,-62.01330790405494
2016-03-30 22:00:00,-11.55653530296403
2016-03-30 23:00:00,13.543453680125374
2016-03-31 00:00:00,-12.482556147573142
2016-03-31 01:00:00,3.0781343905938954
2016-03-31 02:00:00,8.41855753959885
2016-03-31 03:00:00,6.680227465829219
2016-03-31 04:00:00,-5.730490518304421
2016-03-31 05:00:00,-1.040173283450656
2016-03-31 06:00:00,1.6943674946462508
2016-03-31 07:00:00,-5.777128230108907
2016-03-31 08:00:00,-28.247509312490735
2016-03-31 09:00:00,-26.01337381129548
2016-03-31 10:00:00,-13.93359375340593
2016-03-31 11:00:00,-32.36443671861562
2016-03-31 12:00:00,8.76618017447197
2016-03-31 13:00:00,-17.197284931469454
2016-03-31 14:00:00,3.9247449310793456
2016-03-31 15:00:00,8.253348292075003
2016-03-31 16:00:00,-18.937171487546664
2016-03-31 17:00:00,79.88016275013415
2016-03-31 18:00:00,-132.997364958081
2016-03-31 19:00:00,-19.063787004015865
2016-03-31 20:00:00,13.146704853085481
2016-03-31 21:00:00,-37.276490907481765
2016-03-31 22:00:00,9.914706223097681
2016-03-31 23:00:00,21.535890034030764
2016-04-01 00:00:00,9.923167066533182
2016-04-01 01:00:00,-14.664851240522033
2016-04-01 02:00:00,8.554259013067934
2016-04-01 03:00:00,6.579170962948588
2016-04-01 04:00:00,-1.6025082790637981
2016-04-01 05:00:00,-12.443227308572169
2016-04-01 06:00:00,4.768246626625995
2016-04-01 07:00:00,3.5047708772598654
2016-04-01 08:00:00,11.069310679207405
2016-04-01 09:00:00,-14.30076618660172
2016-04-01 10:00:00,77.87915603143813
2016-04-01 11:00:00,-122.53208546004171
2016-04-01 12:00:00,-66.41355972720389
2016-04-01 13:00:00,-28.211940413754398
2016-04-01 14:00:00,-19.6905417071876
2016-04-01 15:00:00,-18.395985269902845
2016-04-01 16:00:00,-29.085644790248296
2016-04-01 17:00:00,-51.721910748102786
2016-04-01 18:00:00,-107.19085251397277
2016-04-01 19:00:00,-19.56886527933907
2016-04-01 20:00:00,-20.71834489325473
2016-04-01 21:00:00,9.362304174632257
2016-04-01 22:00:00,20.974603205190967
2016-04-01 23:00:00,18.296711015930683
2016-04-02 00:00:00,-3.083235358604064
2016-04-02 01:00:00,0.740724849178136
2016-04-02 02:00:00,9.005056668917128
2016-04-02 03:00:00,-3.5215478318140754
2016-04-02 04:00:00,-8.22466750373021
2016-04-02 05:00:00,4.877525552556868
2016-04-02 06:00:00,-1.2041606074875304
2016-04-02 07:00:00,-26.721226813937534
2016-04-02 08:00:00,-32.46148057748734
2016-04-02 09:00:00,-34.28239718661688
2016-04-02 10:00:00,-52.82112833886678
2016-04-02 11:00:00,-51.22180540292642
2016-04-02 12:00:00,-12.112363225508986
2016-04-02 13:00:00,-21.980542579056312
2016-04-02 14:00:00,-30.08327516283518
2016-04-02 15:00:00,-0.20566407501067374
2016-04-02 16:00:00,-16.61475515622695
2016-04-02 17:00:00,-47.460789389450525
2016-04-02 18:00:00,-112.47223114090636
2016-04-02 19:00:00,-11.935401391772444
2016-04-02 20:00:00,-5.393071146514636
2016-04-02 21:00:00,6.569985557892387
2016-04-02 22:00:00,11.710049368155232
2016-04-02 23:00:00,23.31970210403677
2016-04-03 00:00:00,10.243785491020034
2016-04-03 01:00:00,-6.788160335765156
2016-04-03 02:00:00,11.611037805824758
2016-04-03 03:00:00,1.1152114629944307
2016-04-03 04:00:00,5.045171680985547
2016-04-03 05:00:00,-6.9724139756228
2016-04-03 06:00:00,2.9697980692352886
2016-04-03 07:00:00,-6.810109962162997
2016-04-03 08:00:00,-45.61640772683285
2016-04-03 09:00:00,-26.71729485437453
2016-04-03 10:00:00,-34.722927465697104
2016-04-03 11:00:00,-42.23114276185659
2016-04-03 12:00:00,-12.004844485806139
2016-04-03 13:00:00,-14.846371788661799
2016-04-03 14:00:00,9.219887502125914
2016-04-03 15:00:00,4.747178953444546
2016-04-03 16:00:00,-9.323271404566427
2016-04-03 17:00:00,-14.803903054865756
2016-04-03 18:00:00,-65.58187325452283
2016-04-03 19:00:00,-6.934918631300732
2016-04-03 20:00:00,27.46357754058988
2016-04-03 21:00:00,15.030389703156871
2016-04-03 22:00:00,4.156417503812634
2016-04-03 23:00:00,9.03820465772997
2016-04-04 00:00:00,2.9799447549443627
2016-04-04 01:00:00,0.9640826806584712
2016-04-04 02:00:00,-8.088631842433507
2016-04-04 03:00:00,7.76082820186825
2016-04-04 04:00:00,5.5686268790436415
2016-04-04 05:00:00,4.013644072240766
2016-04-04 06:00:00,-0.7107207363334354
2016-04-04 07:00:00,91.21879875462488
2016-04-04 08:00:00,-54.67681718503937
2016-04-04 09:00:00,283.65824998687975
2016-04-04 10:00:00,8.6166898887723
2016-04-04 11:00:00,155.89285869011798
2016-04-04 12:00:00,175.14345494369041
2016-04-04 13:00:00,-41.07644787157932
2016-04-04 14:00:00,179.17121832565365
2016-04-04 15:00:00,243.5756757961529
2016-04-04 16:00:00,158.46145547877342
2016-04-04 17:00:00,-95.40355642743242
2016-04-04 18:00:00,-185.30770099598908
2016-04-04 19:00:00,-57.4299244793672
2016-04-04 20:00:00,-13.72718048166648
2016-04-04 21:00:00,-16.09111686401871
2016-04-04 22:00:00,26.585154424425426
2016-04-04 23:00:00,21.543893211786035
2016-04-05 00:00:00,4.012548849445096
2016-04-05 01:00:00,5.749192281219031
2016-04-05 02:00:00,2.6239163820219034
2016-04-05 03:00:00,7.490504818192825
2016-04-05 04:00:00,-2.8451786031881454
2016-04-05 05:00:00,6.700320838972225
2016-04-05 06:00:00,0.505391353986461
2016-04-05 07:00:00,117.20263975699521
2016-04-05 08:00:00,193.6898192003108
2016-04-05 09:00:00,-152.2154296317036
2016-04-05 10:00:00,-90.30491603501632
2016-04-05 11:00:00,75.04942427597746
2016-04-05 12:00:00,-15.480129031594231
2016-04-05 13:00:00,296.94692852582193
2016-04-05 14:00:00,-81.84098125666401
2016-04-05 15:00:00,-20.25883467423148
2016-04-05 16:00:00,80.73507129499575
2016-04-05 17:00:00,247.17210547521086
2016-04-05 18:00:00,69.09916768082672
2016-04-05 19:00:00,-122.75199827904538
2016-04-05 20:00:00,-99.35719149778237
2016-04-05 21:00:00,-26.065122604051787
2016-04-05 22:00:00,-3.21836700509094
2016-04-05 23:00:00,12.756396432886987
2016-04-06 00:00:00,7.367844683635063
2016-04-06 01:00:00,6.189424740673317
2016-04-06 02:00:00,2.2202443076903293
2016-04-06 03:00:00,-0.4210755840245213
2016-04-06 04:00:00,3.1993001641099568
2016-04-06 05:00:00,-2.6843427699883975
2016-04-06 06:00:00,6.368867026255074
2016-04-06 07:00:00,-1.558400672958797
2016-04-06 08:00:00,20.485498689430585
2016-04-06 09:00:00,-49.911337887055055
2016-04-06 10:00:00,-26.37479690106089
2016-04-06 11:00:00,-58.71725785401689
2016-04-06 12:00:00,13.837030635340582
2016-04-06 13:00:00,-16.92329889699846
2016-04-06 14:00:00,1.9569296423296123
2016-04-06 15:00:00,-18.164272428011444
2016-04-06 16:00:00,-11.238949821704978
2016-04-06 17:00:00,-5.886454218892567
2016-04-06 18:00:00,65.8613911349226
2016-04-06 19:00:00,-16.898903228706303
2016-04-06 20:00:00,-9.4535664748378
2016-04-06 21:00:00,-41.66950627081366
2016-04-06 22:00:00,-0.7231513134771888
2016-04-06 23:00:00,14.562604232692124
2016-04-07 00:00:00,7.205883011501271
2016-04-07 01:00:00,-0.26318592709500166
2016-04-07 02:00:00,4.903908311592197
2016-04-07 03:00:00,-5.908308644251171
2016-04-07 04:00:00,-2.61961305071398
2016-04-07 05:00:00,6.1226126998961945
2016-04-07 06:00:00,10.983952437153519
2016-04-07 07:00:00,32.71189576519774
2016-04-07 08:00:00,48.70262908630028
2016-04-07 09:00:00,-5.1961945178971405
2016-04-07 10:00:00,-97.07481882297887
2016-04-07 11:00:00,-71.51832689211247
2016-04-07 12:00:00,-33.07529690331188
2016-04-07 13:00:00,-47.41486699219998
2016-04-07 14:00:00,-21.307313282679665
2016-04-07 15:00:00,-16.93469987333463
2016-04-07 16:00:00,-34.321588196910945
2016-04-07 17:00:00,-50.25856399116563
2016-04-07 18:00:00,-90.24219915535085
2016-04-07 19:00:00,46.84128291228589
2016-04-07 20:00:00,42.90899930949722
2016-04-07 21:00:00,4.714953944791461
2016-04-07 22:00:00,-8.042679595390602
2016-04-07 23:00:00,-9.610118326105557
2016-04-08 00:00:00,13.855541423337996
2016-04-08 01:00:00,0.5206636839412155
2016-04-08 02:00:00,0.9269459657120436
2016-04-08 03:00:00,3.083732133565654
2016-04-08 04:00:00,-9.323423535784755
2016-04-08 05:00:00,2.347085344522938
2016-04-08 06:00:00,0.8833995609167573
2016-04-08 07:00:00,-7.446509016617355
2016-04-08 08:00:00,-17.326599152101352
2016-04-08 09:00:00,14.087701898327367
2016-04-08 10:00:00,127.15953546638823
2016-04-08 11:00:00,-36.52418672076709
2016-04-08 12:00:00,32.44811058429522
2016-04-08 13:00:00,-24.73415413736967
2016-04-08 14:00:00,-50.911387744035025
2016-04-08 15:00:00,261.8883301970549
2016-04-08 16:00:00,112.3314268243698
2016-04-08 17:00:00,225.91234088810404
2016-04-08 18:00:00,-185.06157864958595
2016-04-08 19:00:00,-82.77151439485326
2016-04-08 20:00:00,-0.8269215627294955
2016-04-08 21:00:00,-31.7868194234052
2016-04-08 22:00:00,-17.7732829589893
2016-04-08 23:00:00,7.5294273477196825
2016-04-09 00:00:00,12.724267578474688
2016-04-09 01:00:00,4.303012202728091
2016-04-09 02:00:00,0.14797049036017285
2016-04-09 03:00:00,4.5136998999588585
2016-04-09 04:00:00,-1.8052888691703401
2016-04-09 05:00:00,-0.2802943712843984
2016-04-09 06:00:00,-5.670608683872878
2016-04-09 07:00:00,-23.06928196334038
2016-04-09 08:00:00,44.09005183235598
2016-04-09 09:00:00,-43.06792400757979
2016-04-09 10:00:00,35.82731389008097
2016-04-09 11:00:00,-67.5112440516235
2016-04-09 12:00:00,-12.982615138856062
2016-04-09 13:00:00,73.47560183322253
2016-04-09 14:00:00,-15.057949995773754
2016-04-09 15:00:00,18.486685366730654
2016-04-09 16:00:00,184.8347347983954
2016-04-09 17:00:00,-125.77612075995157
2016-04-09 18:00:00,65.11173573533989
2016-04-09 19:00:00,-58.70101571026623
2016-04-09 20:00:00,-42.495381819058665
2016-04-09 21:00:00,5.526738251182465
2016-04-09 22:00:00,-6.986085493680399
2016-04-09 23:00:00,11.647902852391873
2016-04-10 00:00:00,2.6728595787662712
2016-04-10 01:00:00,5.988342581135875
2016-04-10 02:00:00,0.4434070936589549
2016-04-10 03:00:00,2.492990223528743
2016-04-10 04:00:00,-10.790071569168923
2016-04-10 05:00:00,4.68783334391788
2016-04-10 06:00:00,-0.5390382597688657
2016-04-10 07:00:00,-14.884512591372733
2016-04-10 08:00:00,22.21288488085989
2016-04-10 09:00:00,-31.485354887282554
2016-04-10 10:00:00,67.30390519779263
2016-04-10 11:00:00,-94.15978845371498
2016-04-10 12:00:00,-52.34122290120482
2016-04-10 13:00:00,-37.906957889455406
2016-04-10 14:00:00,-19.98896585779577
2016-04-10 15:00:00,-40.86784911177283
2016-04-10 16:00:00,-42.66398195027829
2016-04-10 17:00:00,-15.290202775662209
2016-04-10 18:00:00,-9.105026868663174
2016-04-10 19:00:00,25.13227992320745
2016-04-10 20:00:00,-0.06919008741370192
2016-04-10 21:00:00,5.553259798032073
2016-04-10 22:00:00,-11.939181250398406
2016-04-10 23:00:00,4.385197110851436
2016-04-11 00:00:00,4.171243495327943
2016-04-11 01:00:00,-0.5145348743885023
2016-04-11 02:00:00,6.5815003480796435
2016-04-11 03:00:00,0.24876530545496678
2016-04-11 04:00:00,-0.36845430574706484
2016-04-11 05:00:00,14.420843738079299
2016-04-11 06:00:00,-14.240719719775583
2016-04-11 07:00:00,-16.977993478669347
2016-04-11 08:00:00,-46.40659328596919
2016-04-11 09:00:00,-32.864325722524754
2016-04-11 10:00:00,-8.311661775227492
2016-04-11 11:00:00,-9.272026054431436
2016-04-11 12:00:00,-17.859328457087088
2016-04-11 13:00:00,-29.518197024621344
2016-04-11 14:00:00,-8.2114384998236
2016-04-11 15:00:00,-12.735607217346555
2016-04-11 16:00:00,-25.28807913092031
2016-04-11 17:00:00,96.82023310557237
2016-04-11 18:00:00,-107.7304945291026
2016-04-11 19:00:00,3.0640176463024034
2016-04-11 20:00:00,13.071050978121193
2016-04-11 21:00:00,-6.007934314614374
2016-04-11 22:00:00,4.196759246709462
2016-04-11 23:00:00,7.9974376226320345
2016-04-12 00:00:00,3.7005695717187095
2016-04-12 01:00:00,-4.865463838168289
2016-04-12 02:00:00,4.423437567242203
2016-04-12 03:00:00,2.6570928267613
2016-04-12 04:00:00,-0.9044275043866961
2016-04-12 05:00:00,-0.10510759876024167
2016-04-12 06:00:00,6.547734235456353
2016-04-12 07:00:00,-1.7427310517610408
2016-04-12 08:00:00,-40.78736774946125
2016-04-12 09:00:00,-38.16419471868988
2016-04-12 10:00:00,-33.12853884660607
2016-04-12 11:00:00,-51.023286083004756
2016-04-12 12:00:00,-13.482589584861273
2016-04-12 13:00:00,-28.484632079779466
2016-04-12 14:00:00,-16.34967010725302
2016-04-12 15:00:00,-28.88719637669039
2016-04-12 16:00:00,26.70191175733514
2016-04-12 17:00:00,253.02293962041261
2016-04-12 18:00:00,163.2492362945967
2016-04-12 19:00:00,-27.212221196356438
2016-04-12 20:00:00,85.46700240980317
2016-04-12 21:00:00,-86.62551751657492
2016-04-12 22:00:00,-54.234529844189616
2016-04-12 23:00:00,2.087169283316669
2016-04-13 00:00:00,-1.559478207540316
2016-04-13 01:00:00,0.4670667986115191
2016-04-13 02:00:00,-0.8674062050187459
2016-04-13 03:00:00,8.632563384147282
2016-04-13 04:00:00,-1.9220760310222929
2016-04-13 05:00:00,98.5578437594696
2016-04-13 06:00:00,50.49683063297739
2016-04-13 07:00:00,-45.34974285146011
2016-04-13 08:00:00,-60.71376382223974
2016-04-13 09:00:00,-34.500035560881024
2016-04-13 10:00:00,-28.280628943148074
2016-04-13 11:00:00,-43.11948464858144
2016-04-13 12:00:00,-20.62808125642308
2016-04-13 13:00:00,2.677772016513785
2016-04-13 14:00:00,-10.440218283429928
2016-04-13 15:00:00,-16.346851246067374
2016-04-13 16:00:00,7.020272766565512
2016-04-13 17:00:00,50.4012985730167
2016-04-13 18:00:00,35.12190718562769
2016-04-13 19:00:00,77.23372074840137
2016-04-13 20:00:00,-80.11775717130931
2016-04-13 21:00:00,-50.78119526400081
2016-04-13 22:00:00,3.0640003017443647
2016-04-13 23:00:00,12.356365143901868
2016-04-14 00:00:00,5.859027195814093
2016-04-14 01:00:00,2.9232397919605475
2016-04-14 02:00:00,3.051703715070694
2016-04-14 03:00:00,1.9563750024911357
2016-04-14 04:00:00,1.0346794093786755
2016-04-14 05:00:00,-8.374067004945502
2016-04-14 06:00:00,4.5024895723844836
2016-04-14 07:00:00,7.246757431960617
2016-04-14 08:00:00,-22.049797171428935
2016-04-14 09:00:00,-34.204073440931666
2016-04-14 10:00:00,-20.279817496294072
2016-04-14 11:00:00,-19.429643402206807
2016-04-14 12:00:00,-26.952109070659894
2016-04-14 13:00:00,-45.523464982619195
2016-04-14 14:00:00,-3.006899410839509
2016-04-14 15:00:00,4.937965885443916
2016-04-14 16:00:00,-31.877745833314663
2016-04-14 17:00:00,140.8180246048849
2016-04-14 18:00:00,-13.129244378373329
2016-04-14 19:00:00,15.424221681061397
2016-04-14 20:00:00,-72.33427038037003
2016-04-14 21:00:00,-22.979611431823734
2016-04-14 22:00:00,5.83902713590566
2016-04-14 23:00:00,11.849205565947436
2016-04-15 00:00:00,2.569687410484093
2016-04-15 01:00:00,2.262926832339737
2016-04-15 02:00:00,6.805504995326409
2016-04-15 03:00:00,-4.156112013320758
2016-04-15 04:00:00,3.602049469892684
2016-04-15 05:00:00,-2.2277567941094034
2016-04-15 06:00:00,311.98654550589976
2016-04-15 07:00:00,60.20557495548513
2016-04-15 08:00:00,94.55944942681248
2016-04-15 09:00:00,13.73853764737612
2016-04-15 10:00:00,130.37907727738371
2016-04-15 11:00:00,-82.24201456324116
2016-04-15 12:00:00,-109.74450807083151
2016-04-15 13:00:00,-63.11859682373129
2016-04-15 14:00:00,-8.592451412033626
2016-04-15 15:00:00,-25.640730471102074
2016-04-15 16:00:00,-18.309904111000733
2016-04-15 17:00:00,-61.926473089139506
2016-04-15 18:00:00,53.4454933294264
2016-04-15 19:00:00,-4.805651815694091
2016-04-15 20:00:00,-3.704189007395243
2016-04-15 21:00:00,27.406394870236568
2016-04-15 22:00:00,17.457984309082747
2016-04-15 23:00:00,-8.888103301578319
2016-04-16 00:00:00,-5.5101925120444974
2016-04-16 01:00:00,2.4388971802334822
2016-04-16 02:00:00,-3.3052510971652964
2016-04-16 03:00:00,5.582289004117378
2016-04-16 04:00:00,-4.228206121033907
2016-04-16 05:00:00,-1.1185846469757337
2016-04-16 06:00:00,-24.259979176876847
2016-04-16 07:00:00,-7.90733067204053
2016-04-16 08:00:00,2.310184259577511
2016-04-16 09:00:00,37.43484187950591
2016-04-16 10:00:00,152.2099223340234
2016-04-16 11:00:00,102.12521168404427
2016-04-16 12:00:00,-99.61422216037835
2016-04-16 13:00:00,70.89181373939977
2016-04-16 14:00:00,89.61208827137841
2016-04-16 15:00:00,-79.64243659042552
2016-04-16 16:00:00,277.1894794969728
2016-04-16 17:00:00,-27.370895010006166
2016-04-16 18:00:00,-170.8230851820306
2016-04-16 19:00:00,-35.58955603065877
2016-04-16 20:00:00,8.623962863147796
2016-04-16 21:00:00,19.738420814600516
2016-04-16 22:00:00,0.6020930855207354
2016-04-16 23:00:00,4.327734718169431
2016-04-17 00:00:00,1.1715711436626393
2016-04-17 01:00:00,3.4199251315471244
2016-04-17 02:00:00,-4.567637436672243
2016-04-17 03:00:00,7.719805462134104
2016-04-17 04:00:00,-4.3483127465526294
2016-04-17 05:00:00,-3.423597524125995
2016-04-17 06:00:00,-20.17179489579196
2016-04-17 07:00:00,-6.392646502673607
2016-04-17 08:00:00,41.84277582113435
2016-04-17 09:00:00,-15.851502851372544
2016-04-17 10:00:00,303.6931383150627
2016-04-17 11:00:00,-129.42605591059873
2016-04-17 12:00:00,-31.204441053606075
2016-04-17 13:00:00,-71.39086572542017
2016-04-17 14:00:00,-32.68303482849518
2016-04-17 15:00:00,1.574124804588763
2016-04-17 16:00:00,39.23060307626312
2016-04-17 17:00:00,65.18953851863085
2016-04-17 18:00:00,-104.6483055091445
2016-04-17 19:00:00,-7.517905410907076
2016-04-17 20:00:00,-6.904868404605438
2016-04-17 21:00:00,7.693722970424233
2016-04-17 22:00:00,-1.4365979639897972
2016-04-17 23:00:00,10.809620936981318
2016-04-18 00:00:00,6.654774717838286
2016-04-18 01:00:00,12.883927788618863
2016-04-18 02:00:00,-4.4160188765446335
2016-04-18 03:00:00,-8.80014716141902
2016-04-18 04:00:00,-3.078312968982736
2016-04-18 05:00:00,1.5644448167047926
2016-04-18 06:00:00,-14.462361356004976
2016-04-18 07:00:00,-21.743055328554675
2016-04-18 08:00:00,-43.36856758456428
2016-04-18 09:00:00,-33.03688987990398
2016-04-18 10:00:00,-66.31979988550293
2016-04-18 11:00:00,1.2603179977553083
2016-04-18 12:00:00,-21.273316024758266
2016-04-18 13:00:00,-33.782631669638015
2016-04-18 14:00:00,-31.804463195579785
2016-04-18 15:00:00,-16.371394520664808
2016-04-18 16:00:00,-36.20637828939945
2016-04-18 17:00:00,128.62802533819436
2016-04-18 18:00:00,-78.1478500092177
2016-04-18 19:00:00,-22.927648769846144
2016-04-18 20:00:00,27.876024473086233
2016-04-18 21:00:00,-18.545711372776772
2016-04-18 22:00:00,-15.954322381852755
2016-04-18 23:00:00,11.472885266662836
2016-04-19 00:00:00,8.110361015710872
2016-04-19 01:00:00,-14.28551225463604
2016-04-19 02:00:00,7.13176283473144
2016-04-19 03:00:00,4.067617661722309
2016-04-19 04:00:00,-0.9365724648383846
2016-04-19 05:00:00,57.05638368619779
2016-04-19 06:00:00,-12.044583606159932
2016-04-19 07:00:00,40.71210760248604
2016-04-19 08:00:00,-81.83692772498668
2016-04-19 09:00:00,-45.59886426492708
2016-04-19 10:00:00,-72.52141541042334
2016-04-19 11:00:00,-26.665885309671644
2016-04-19 12:00:00,-4.417781654688717
2016-04-19 13:00:00,-34.58112255728939
2016-04-19 14:00:00,-18.55955202405608
2016-04-19 15:00:00,-21.195291529226296
2016-04-19 16:00:00,-50.859086365090015
2016-04-19 17:00:00,114.0988634731344
2016-04-19 18:00:00,-68.82830210831187
2016-04-19 19:00:00,-18.621655402518627
2016-04-19 20:00:00,-10.806324879655591
2016-04-19 21:00:00,-4.293789159368856
2016-04-19 22:00:00,4.817833149900494
2016-04-19 23:00:00,-3.486645435423995
2016-04-20 00:00:00,10.84978263866104
2016-04-20 01:00:00,1.1546350750109369
2016-04-20 02:00:00,-6.111184132149454
2016-04-20 03:00:00,-0.09330770829559043
2016-04-20 04:00:00,3.8226653077194968
2016-04-20 05:00:00,-7.691702843749368
2016-04-20 06:00:00,-1.6361247044737581
2016-04-20 07:00:00,-20.187918955293974
2016-04-20 08:00:00,-40.81546881022454
2016-04-20 09:00:00,-17.640168875879176
2016-04-20 10:00:00,-44.805676308581354
2016-04-20 11:00:00,-44.126883242123085
2016-04-20 12:00:00,-12.490656021613887
2016-04-20 13:00:00,-22.20166360195936
2016-04-20 14:00:00,104.48095407405076
2016-04-20 15:00:00,-39.69665283123261
2016-04-20 16:00:00,-67.53649567135342
2016-04-20 17:00:00,25.523319257882775
2016-04-20 18:00:00,111.1239358735921
2016-04-20 19:00:00,-56.36127230943035
2016-04-20 20:00:00,-25.38018140006622
2016-04-20 21:00:00,-2.1269452410831633
2016-04-20 22:00:00,-0.7731062225399512
2016-04-20 23:00:00,-8.462588654087845
2016-04-21 00:00:00,5.403600493498921
2016-04-21 01:00:00,6.002240816583971
2016-04-21 02:00:00,-2.44381326892627
2016-04-21 03:00:00,-10.1207822928762
2016-04-21 04:00:00,7.580021791146038
2016-04-21 05:00:00,13.580885107327724
2016-04-21 06:00:00,-13.691676192298694
2016-04-21 07:00:00,-34.225241865584145
2016-04-21 08:00:00,-35.47814842750778
2016-04-21 09:00:00,-25.092410173520058
2016-04-21 10:00:00,-52.29557525263636
2016-04-21 11:00:00,-24.254801945014634
2016-04-21 12:00:00,-8.333579907995592
2016-04-21 13:00:00,-16.47712182771594
2016-04-21 14:00:00,-18.009637132965274
2016-04-21 15:00:00,-13.905360923339607
2016-04-21 16:00:00,-18.242050524670532
2016-04-21 17:00:00,47.30978051187475
2016-04-21 18:00:00,-14.069846278783189
2016-04-21 19:00:00,-9.863263221135668
2016-04-21 20:00:00,64.16846188494681
2016-04-21 21:00:00,-32.71459947016088
2016-04-21 22:00:00,0.4612953687582859
2016-04-21 23:00:00,15.120654694814434
2016-04-22 00:00:00,2.259185941627841
2016-04-22 01:00:00,1.4600367641389482
2016-04-22 02:00:00,11.916058564863597
2016-04-22 03:00:00,8.438391430192823
2016-04-22 04:00:00,5.749042772749696
2016-04-22 05:00:00,2.9438668612695693
2016-04-22 06:00:00,-11.651390833796455
2016-04-22 07:00:00,93.49231820017926
2016-04-22 08:00:00,34.71422905913997
2016-04-22 09:00:00,233.97412768516153
2016-04-22 10:00:00,148.57352284641289
2016-04-22 11:00:00,-16.580729260255907
2016-04-22 12:00:00,123.24453637868402
2016-04-22 13:00:00,41.534530304109126
2016-04-22 14:00:00,-142.26173567314288
2016-04-22 15:00:00,130.70531007541027
2016-04-22 16:00:00,101.7346353177436
2016-04-22 17:00:00,100.90309655910443
2016-04-22 18:00:00,-114.99236195157113
2016-04-22 19:00:00,-78.66695756082055
2016-04-22 20:00:00,-7.5382532626225185
2016-04-22 21:00:00,1.3634614082936878
2016-04-22 22:00:00,-0.3805641203799013
2016-04-22 23:00:00,8.907430273243378
2016-04-23 00:00:00,7.792175258496336
2016-04-23 01:00:00,-2.9868206274436204
2016-04-23 02:00:00,4.589923557663788
2016-04-23 03:00:00,-0.8326840798621902
2016-04-23 04:00:00,2.1423230797736252
2016-04-23 05:00:00,-9.332834565748065
2016-04-23 06:00:00,-11.060314229904641
2016-04-23 07:00:00,-19.460567394815648
2016-04-23 08:00:00,-30.395852292860774
2016-04-23 09:00:00,104.38110452440009
2016-04-23 10:00:00,-46.349479334995294
2016-04-23 11:00:00,183.56831682637662
2016-04-23 12:00:00,13.551977983114313
2016-04-23 13:00:00,-65.25798179185387
2016-04-23 14:00:00,-23.354133516611597
2016-04-23 15:00:00,-28.712560253193573
2016-04-23 16:00:00,-67.0750377369016
2016-04-23 17:00:00,-89.6433906369316
2016-04-23 18:00:00,141.96470622570362
2016-04-23 19:00:00,-20.159318140905356
2016-04-23 20:00:00,-14.085503832399212
2016-04-23 21:00:00,1.670311991871813
2016-04-23 22:00:00,8.065550520651463
2016-04-23 23:00:00,4.094407408214778
2016-04-24 00:00:00,-2.0124923869293454
2016-04-24 01:00:00,1.3024459890406916
2016-04-24 02:00:00,-3.3400260047835957
2016-04-24 03:00:00,3.9375438290673443
2016-04-24 04:00:00,7.464512803500469
2016-04-24 05:00:00,-7.510669086561904
2016-04-24 06:00:00,-16.372134206730742
2016-04-24 07:00:00,-4.456974861727318
2016-04-24 08:00:00,-8.072355128381474
2016-04-24 09:00:00,74.0298586043021
2016-04-24 10:00:00,-70.55948572593937
2016-04-24 11:00:00,24.71858133530651
2016-04-24 12:00:00,-46.102643673610146
2016-04-24 13:00:00,-48.80231318645115
2016-04-24 14:00:00,-14.438629146495124
2016-04-24 15:00:00,-10.427317304890352
2016-04-24 16:00:00,-31.93616108677604
2016-04-24 17:00:00,-43.979385535529644
2016-04-24 18:00:00,-49.58136526622059
2016-04-24 19:00:00,11.108455400197471
2016-04-24 20:00:00,24.842092644672647
2016-04-24 21:00:00,22.338667614759274
2016-04-24 22:00:00,12.898322680246807
2016-04-24 23:00:00,12.812788478056412
2016-04-25 00:00:00,8.776873983701066
2016-04-25 01:00:00,4.253472112518224
2016-04-25 02:00:00,-1.1539408664293092
2016-04-25 03:00:00,4.229226278889136
2016-04-25 04:00:00,6.0522802720734035
2016-04-25 05:00:00,10.403734774876497
2016-04-25 06:00:00,-22.999847834553847
2016-04-25 07:00:00,-20.13750817805505
2016-04-25 08:00:00,-25.128570460632943
2016-04-25 09:00:00,-45.601621334820884
2016-04-25 10:00:00,-46.58472223548221
2016-04-25 11:00:00,-29.642394184294027
2016-04-25 12:00:00,-0.3345362745202607
2016-04-25 13:00:00,-30.41031260169793
2016-04-25 14:00:00,-4.031245291023524
2016-04-25 15:00:00,-15.332956395781679
2016-04-25 16:00:00,-32.66659192831713
2016-04-25 17:00:00,38.717443028050496
2016-04-25 18:00:00,-58.041379668456585
2016-04-25 19:00:00,-11.089320607024419
2016-04-25 20:00:00,17.07550358658898
2016-04-25 21:00:00,-2.6883398314284506
2016-04-25 22:00:00,10.727404704219751
2016-04-25 23:00:00,11.99094881491964
2016-04-26 00:00:00,-5.703891562692853
2016-04-26 01:00:00,-1.4398525123861745
2016-04-26 02:00:00,-2.099174484809673
2016-04-26 03:00:00,-4.488407369964541
2016-04-26 04:00:00,-3.754663514291643
2016-04-26 05:00:00,60.432813586898085
2016-04-26 06:00:00,-16.71282469497031
2016-04-26 07:00:00,38.11919139358466
2016-04-26 08:00:00,-70.46086240958726
2016-04-26 09:00:00,-53.49517621973228
2016-04-26 10:00:00,-64.19288839163298
2016-04-26 11:00:00,-32.11189261035133
2016-04-26 12:00:00,-4.11909463818759
2016-04-26 13:00:00,-22.67816843270981
2016-04-26 14:00:00,-24.879329941622686
2016-04-26 15:00:00,-16.193980706645412
2016-04-26 16:00:00,-14.369488346205031
2016-04-26 17:00:00,107.87799820041491
2016-04-26 18:00:00,-114.57285623020312
2016-04-26 19:00:00,6.361815816156394
2016-04-26 20:00:00,5.018166476496361
2016-04-26 21:00:00,5.404676459587904
2016-04-26 22:00:00,-14.320324912786951
2016-04-26 23:00:00,5.129483891867309
2016-04-27 00:00:00,8.067093200371524
2016-04-27 01:00:00,-8.831261499801407
2016-04-27 02:00:00,-2.4931449437346487
2016-04-27 03:00:00,4.702418113782649
2016-04-27 04:00:00,2.7072410159453497
2016-04-27 05:00:00,-18.721094943805547
2016-04-27 06:00:00,3.192960262184158
2016-04-27 07:00:00,-9.46995183411839
2016-04-27 08:00:00,-29.75993599994672
2016-04-27 09:00:00,-17.721526246205684
2016-04-27 10:00:00,-26.32568004845824
2016-04-27 11:00:00,-53.93330013071998
2016-04-27 12:00:00,-3.058922536305502
2016-04-27 13:00:00,20.517786419115353
2016-04-27 14:00:00,-10.04446111088474
2016-04-27 15:00:00,2.1460984351449923
2016-04-27 16:00:00,-22.206333777629055
2016-04-27 17:00:00,-71.53873161121751
2016-04-27 18:00:00,15.760644759832616
2016-04-27 19:00:00,-2.070223857806994
2016-04-27 20:00:00,7.311283273740614
2016-04-27 21:00:00,-6.43116823996273
2016-04-27 22:00:00,21.013548958998157
2016-04-27 23:00:00,12.093821250831702
2016-04-28 00:00:00,-14.359106374069597
2016-04-28 01:00:00,-1.3752898359190837
2016-04-28 02:00:00,3.4292433636775144
2016-04-28 03:00:00,-12.047012991358294
2016-04-28 04:00:00,2.892164611018714
2016-04-28 05:00:00,57.26895582775121
2016-04-28 06:00:00,-18.58069760044235
2016-04-28 07:00:00,69.04533428779719
2016-04-28 08:00:00,-50.10934070249206
2016-04-28 09:00:00,-57.85073386957228
2016-04-28 10:00:00,-32.544821794653316
2016-04-28 11:00:00,-37.48037188321552
2016-04-28 12:00:00,-30.719796499015615
2016-04-28 13:00:00,-15.70179620370837
2016-04-28 14:00:00,-11.208508436336501
2016-04-28 15:00:00,-10.775373366136598
2016-04-28 16:00:00,87.68774077571105
2016-04-28 17:00:00,76.19689984393295
2016-04-28 18:00:00,160.69337698066317
2016-04-28 19:00:00,-108.10611253561032
2016-04-28 20:00:00,-57.47654478976381
2016-04-28 21:00:00,-23.341097157862066
2016-04-28 22:00:00,1.537554119211542
2016-04-28 23:00:00,2.454248629232474
2016-04-29 00:00:00,-6.208559538966192
2016-04-29 01:00:00,8.704467437787741
2016-04-29 02:00:00,4.934291648291179
2016-04-29 03:00:00,-7.851805867541053
2016-04-29 04:00:00,-3.297512730150487
2016-04-29 05:00:00,-5.763955554061141
2016-04-29 06:00:00,16.75402861540931
2016-04-29 07:00:00,274.2865389039535
2016-04-29 08:00:00,-86.74272930225231
2016-04-29 09:00:00,-125.98063684351536
2016-04-29 10:00:00,-76.7698878831068
2016-04-29 11:00:00,211.68171047758875
2016-04-29 12:00:00,49.62135691525802
2016-04-29 13:00:00,3.7172388951326525
2016-04-29 14:00:00,56.43430208215264
2016-04-29 15:00:00,-102.1729713082403
2016-04-29 16:00:00,-64.55216590107214
2016-04-29 17:00:00,26.502661949393968
2016-04-29 18:00:00,-30.586894834566635
2016-04-29 19:00:00,-1.1979692011079095
2016-04-29 20:00:00,9.021122592256447
2016-04-29 21:00:00,-2.9611232353357764
2016-04-29 22:00:00,-4.556243066260208
2016-04-29 23:00:00,7.282412512427705
2016-04-30 00:00:00,1.5892887532590692
2016-04-30 01:00:00,-8.928170157280455
2016-04-30 02:00:00,-3.552271363566213
2016-04-30 03:00:00,6.014209816610467
2016-04-30 04:00:00,1.1539491243987214
2016-04-30 05:00:00,-6.586156138845411
2016-04-30 06:00:00,-26.239622533587905
2016-04-30 07:00:00,-27.245880699311805
2016-04-30 08:00:00,252.06360061427984
2016-04-30 09:00:00,69.44557806553581
2016-04-30 10:00:00,250.40438526246894
2016-04-30 11:00:00,-141.9759531714956
2016-04-30 12:00:00,135.20198774547117
2016-04-30 13:00:00,-39.65331868863694
2016-04-30 14:00:00,-83.97652958625673
2016-04-30 15:00:00,61.13997569327563
2016-04-30 16:00:00,168.80098093672825
2016-04-30 17:00:00,-10.52004484439152
2016-04-30 18:00:00,-197.21618644057742
2016-04-30 19:00:00,-44.753921174794854
2016-04-30 20:00:00,8.750930456118468
2016-04-30 21:00:00,22.060194500966574
2016-04-30 22:00:00,26.15460405861078
2016-04-30 23:00:00,-10.822585397580248
2016-05-01 00:00:00,2.961040997776692
2016-05-01 01:00:00,6.24824358525138
2016-05-01 02:00:00,-4.596563579579481
2016-05-01 03:00:00,-9.51500174514969
2016-05-01 04:00:00,5.468024315534414
2016-05-01 05:00:00,-7.6843732588947375
2016-05-01 06:00:00,-10.288420805904188
2016-05-01 07:00:00,-28.29602246738842
2016-05-01 08:00:00,-8.340229272131154
2016-05-01 09:00:00,-10.774754144031164
2016-05-01 10:00:00,-66.69812531750316
2016-05-01 11:00:00,-3.0972110099037593
2016-05-01 12:00:00,8.62203915477673
2016-05-01 13:00:00,-17.909469520486766
2016-05-01 14:00:00,26.273382318988297
2016-05-01 15:00:00,5.098525522817553
2016-05-01 16:00:00,74.993558978717
2016-05-01 17:00:00,84.0866680939217
2016-05-01 18:00:00,27.84505884136857
2016-05-01 19:00:00,-69.13090336239392
2016-05-01 20:00:00,-25.637807994765893
2016-05-01 21:00:00,8.82506837374703
2016-05-01 22:00:00,6.591281881446768
2016-05-01 23:00:00,-11.158550104765958
2016-05-02 00:00:00,3.7264506193088636
2016-05-02 01:00:00,1.357863563583443
2016-05-02 02:00:00,-11.47821461060854
2016-05-02 03:00:00,7.245204925948592
2016-05-02 04:00:00,1.4793899261303167
2016-05-02 05:00:00,42.322261696066974
2016-05-02 06:00:00,-5.24601734610134
2016-05-02 07:00:00,64.56526271693825
2016-05-02 08:00:00,-82.09547903252025
2016-05-02 09:00:00,-58.52927439594953
2016-05-02 10:00:00,-50.76144726148943
2016-05-02 11:00:00,-32.609827986513174
2016-05-02 12:00:00,10.812727139362877
2016-05-02 13:00:00,1.6774576120644866
2016-05-02 14:00:00,-0.3959789955169697
2016-05-02 15:00:00,-7.894848747119994
2016-05-02 16:00:00,-21.541574661865553
2016-05-02 17:00:00,86.10401308071664
2016-05-02 18:00:00,-83.22996185041484
2016-05-02 19:00:00,15.974889324726547
2016-05-02 20:00:00,6.8067087804058986
2016-05-02 21:00:00,-24.458371413379076
2016-05-02 22:00:00,11.292634000687286
2016-05-02 23:00:00,7.069524286660915
2016-05-03 00:00:00,1.563162946810749
2016-05-03 01:00:00,-15.292478658485031
2016-05-03 02:00:00,7.541186257480582
2016-05-03 03:00:00,5.135914222097121
2016-05-03 04:00:00,-3.528360226858389
2016-05-03 05:00:00,-11.950645528844888
2016-05-03 06:00:00,6.126155126304937
2016-05-03 07:00:00,-45.14741636351572
2016-05-03 08:00:00,-29.324697827693512
2016-05-03 09:00:00,-42.81758025526861
2016-05-03 10:00:00,-42.31785390576342
2016-05-03 11:00:00,-25.736143612065014
2016-05-03 12:00:00,-16.01877194016746
2016-05-03 13:00:00,-31.053434823013532
2016-05-03 14:00:00,-2.569860191400693
2016-05-03 15:00:00,-20.709862941362417
2016-05-03 16:00:00,-41.659468407507916
2016-05-03 17:00:00,84.61215299738649
2016-05-03 18:00:00,-53.21204478139981
2016-05-03 19:00:00,19.934673587460992
2016-05-03 20:00:00,11.674990071514785
2016-05-03 21:00:00,-23.04871460896586
2016-05-03 22:00:00,-2.4636382400660466
2016-05-03 23:00:00,-4.8463305357873026
2016-05-04 00:00:00,4.9697145046032105
2016-05-04 01:00:00,5.032972420949271
2016-05-04 02:00:00,4.027750084772407
2016-05-04 03:00:00,-13.889705959246818
2016-05-04 04:00:00,1.8355123154520783
2016-05-04 05:00:00,8.08511744717569
2016-05-04 06:00:00,46.6647987932614
2016-05-04 07:00:00,-51.792830407925365
2016-05-04 08:00:00,76.79961701066325
2016-05-04 09:00:00,-55.83742860988819
2016-05-04 10:00:00,-48.584516624909114
2016-05-04 11:00:00,-23.037265006641533
2016-05-04 12:00:00,-18.58809910979167
2016-05-04 13:00:00,-10.976335372066728
2016-05-04 14:00:00,-3.062800527832536
2016-05-04 15:00:00,-12.411298135300484
2016-05-04 16:00:00,-32.60614343538886
2016-05-04 17:00:00,-60.907867447839635
2016-05-04 18:00:00,-8.041541972318157
2016-05-04 19:00:00,22.753230664749623
2016-05-04 20:00:00,4.5528856557175175
2016-05-04 21:00:00,8.043790835792635
2016-05-04 22:00:00,-1.092113684065481
2016-05-04 23:00:00,4.811140301939588
2016-05-05 00:00:00,-12.970621482915604
2016-05-05 01:00:00,8.961471922103364
2016-05-05 02:00:00,1.2110148010386865
2016-05-05 03:00:00,4.165414026728882
2016-05-05 04:00:00,-2.2283649685072717
2016-05-05 05:00:00,-25.005326084653596
2016-05-05 06:00:00,-3.170435421865818
2016-05-05 07:00:00,84.5463295324632
2016-05-05 08:00:00,44.5325392313606
2016-05-05 09:00:00,-63.3522586350864
2016-05-05 10:00:00,-38.801207243099384
2016-05-05 11:00:00,-16.295220197675107
2016-05-05 12:00:00,10.522959636777898
2016-05-05 13:00:00,-56.37325312031151
2016-05-05 14:00:00,-16.04905414735586
2016-05-05 15:00:00,-10.447184506782754
2016-05-05 16:00:00,-53.58252856774367
2016-05-05 17:00:00,47.034848331552894
2016-05-05 18:00:00,-4.866619302687269
2016-05-05 19:00:00,-21.760169714858776
2016-05-05 20:00:00,-0.6267343079555445
2016-05-05 21:00:00,8.077652026213315
2016-05-05 22:00:00,0.5834109677943147
2016-05-05 23:00:00,3.6980489710144155
2016-05-06 00:00:00,-9.645399920958276
2016-05-06 01:00:00,10.093151719498074
2016-05-06 02:00:00,-1.425923979913513
2016-05-06 03:00:00,7.109888342742622
2016-05-06 04:00:00,-4.568712610554336
2016-05-06 05:00:00,-10.157266657998754
2016-05-06 06:00:00,8.28803637962281
2016-05-06 07:00:00,149.91956684313357
2016-05-06 08:00:00,-67.95866535293908
2016-05-06 09:00:00,137.54553644173464
2016-05-06 10:00:00,-95.22091396218681
2016-05-06 11:00:00,-33.909567110877646
2016-05-06 12:00:00,33.134083033872
2016-05-06 13:00:00,-29.01893945685626
2016-05-06 14:00:00,64.3575212610065
2016-05-06 15:00:00,-40.85735223093337
2016-05-06 16:00:00,-62.11874137313325
2016-05-06 17:00:00,-78.9940149046144
2016-05-06 18:00:00,45.7146292627867
2016-05-06 19:00:00,26.653489754084447
2016-05-06 20:00:00,6.278207232352713
2016-05-06 21:00:00,-5.797359747956207
2016-05-06 22:00:00,-4.646613210974579
2016-05-06 23:00:00,7.797131747022981
2016-05-07 00:00:00,-1.1794381879364693
2016-05-07 01:00:00,3.0582385033302018
2016-05-07 02:00:00,0.5528173539746888
2016-05-07 03:00:00,2.7422848321300606
2016-05-07 04:00:00,1.175716167045671
2016-05-07 05:00:00,-11.257215501655182
2016-05-07 06:00:00,-13.263379419635136
2016-05-07 07:00:00,50.84883014911907
2016-05-07 08:00:00,4.094088035704374
2016-05-07 09:00:00,21.322793427977786
2016-05-07 10:00:00,36.983440511653725
2016-05-07 11:00:00,14.862829665859294
2016-05-07 12:00:00,-55.53005208578627
2016-05-07 13:00:00,-29.708662452412327
2016-05-07 14:00:00,3.507553630096581
2016-05-07 15:00:00,16.144613882442627
2016-05-07 16:00:00,-33.48138224949483
2016-05-07 17:00:00,-94.96805022445052
2016-05-07 18:00:00,149.56550059687862
2016-05-07 19:00:00,-17.935286404303156
2016-05-07 20:00:00,-47.47974535914538
2016-05-07 21:00:00,-10.804401945452561
2016-05-07 22:00:00,14.254991129810726
2016-05-07 23:00:00,5.858353065401147
2016-05-08 00:00:00,5.0529084110882465
2016-05-08 01:00:00,-2.4791205815885533
2016-05-08 02:00:00,3.066182893832405
2016-05-08 03:00:00,4.348062346030652
2016-05-08 04:00:00,-5.032017901762153
2016-05-08 05:00:00,-4.511214080372106
2016-05-08 06:00:00,-16.21066058428825
2016-05-08 07:00:00,-37.88798042139621
2016-05-08 08:00:00,96.89507394101172
2016-05-08 09:00:00,10.834089337462842
2016-05-08 10:00:00,-19.75985121119305
2016-05-08 11:00:00,-81.94071115384315
2016-05-08 12:00:00,-28.519870244013738
2016-05-08 13:00:00,-10.62698683805477
2016-05-08 14:00:00,-12.805777913617383
2016-05-08 15:00:00,-22.30264353294578
2016-05-08 16:00:00,-40.048163302216636
2016-05-08 17:00:00,-91.01596604170459
2016-05-08 18:00:00,-76.08731083495829
2016-05-08 19:00:00,15.068567936652116
2016-05-08 20:00:00,24.63087538672005
2016-05-08 21:00:00,17.29083178370187
2016-05-08 22:00:00,11.903352625875677
2016-05-08 23:00:00,4.765862830238532
2016-05-09 00:00:00,3.041031403715742
2016-05-09 01:00:00,4.0697448233169595
2016-05-09 02:00:00,-0.1964840905009524
2016-05-09 03:00:00,-0.9516599148034715
2016-05-09 04:00:00,3.127237125713272
2016-05-09 05:00:00,2.391261505252686
2016-05-09 06:00:00,-15.046969437868512
2016-05-09 07:00:00,-41.77424707995963
2016-05-09 08:00:00,-30.667722844208463
2016-05-09 09:00:00,-21.44291908922716
2016-05-09 10:00:00,-41.96148829912039
2016-05-09 11:00:00,-16.226071682035276
2016-05-09 12:00:00,65.55322998116293
2016-05-09 13:00:00,78.4255343890404
2016-05-09 14:00:00,-40.050635789047064
2016-05-09 15:00:00,-40.107570361502326
2016-05-09 16:00:00,-32.215057865011275
2016-05-09 17:00:00,109.25986228206466
2016-05-09 18:00:00,-83.2908509964746
2016-05-09 19:00:00,-10.717937469173563
2016-05-09 20:00:00,2.3877119558981974
2016-05-09 21:00:00,7.393807435287144
2016-05-09 22:00:00,13.554005678787306
2016-05-09 23:00:00,3.706116568367939
2016-05-10 00:00:00,-4.6663575005417215
2016-05-10 01:00:00,0.9870529285670528
2016-05-10 02:00:00,4.027363068886629
2016-05-10 03:00:00,2.8778140624539432
2016-05-10 04:00:00,-5.361390775785743
2016-05-10 05:00:00,10.59445964869547
2016-05-10 06:00:00,-6.8410331296421205
2016-05-10 07:00:00,-40.99303921232966
2016-05-10 08:00:00,-35.490040725875495
2016-05-10 09:00:00,-30.481150110754953
2016-05-10 10:00:00,-36.05813022688199
2016-05-10 11:00:00,-18.437709781166
2016-05-10 12:00:00,-13.386280733641222
2016-05-10 13:00:00,-17.60934295585684
2016-05-10 14:00:00,-11.147050488106068
2016-05-10 15:00:00,-9.543488205843154
2016-05-10 16:00:00,-31.610532512616352
2016-05-10 17:00:00,-31.114130175813102
2016-05-10 18:00:00,-40.66551579528212
2016-05-10 19:00:00,24.759276656972503
2016-05-10 20:00:00,9.669695486874318
2016-05-10 21:00:00,3.8768627946072627
2016-05-10 22:00:00,3.407824358310144
2016-05-10 23:00:00,5.79161429088186
2016-05-11 00:00:00,-1.3497694861688103
2016-05-11 01:00:00,3.033495189008427
2016-05-11 02:00:00,3.136232149304263
2016-05-11 03:00:00,-0.8232031025632196
2016-05-11 04:00:00,-2.1135582021442048
2016-05-11 05:00:00,6.71816661361472
2016-05-11 06:00:00,40.77741714271794
2016-05-11 07:00:00,-38.665092874928675
2016-05-11 08:00:00,54.47660586637363
2016-05-11 09:00:00,-61.62218487353351
2016-05-11 10:00:00,-52.49199116794404
2016-05-11 11:00:00,-27.732349919761305
2016-05-11 12:00:00,-14.512066335655668
2016-05-11 13:00:00,4.064856569680373
2016-05-11 14:00:00,8.994785666853815
2016-05-11 15:00:00,-3.0258668633669146
2016-05-11 16:00:00,-31.834107366196605
2016-05-11 17:00:00,-71.29594867285556
2016-05-11 18:00:00,-30.171759501660603
2016-05-11 19:00:00,20.583999358993054
2016-05-11 20:00:00,3.1623155770033975
2016-05-11 21:00:00,2.8809933162084675
2016-05-11 22:00:00,6.017159000931791
2016-05-11 23:00:00,8.48381699056371
2016-05-12 00:00:00,4.357647789184682
2016-05-12 01:00:00,1.1427114406803085
2016-05-12 02:00:00,1.8449445852698858
2016-05-12 03:00:00,-4.22562110193536
2016-05-12 04:00:00,4.056751526134391
2016-05-12 05:00:00,-1.3667060037740129
2016-05-12 06:00:00,-22.258437766245727
2016-05-12 07:00:00,-31.503530083938024
2016-05-12 08:00:00,-38.32840868369437
2016-05-12 09:00:00,-30.079844624661042
2016-05-12 10:00:00,-23.26510383007544
2016-05-12 11:00:00,-22.697381076545526
2016-05-12 12:00:00,-12.80235085671751
2016-05-12 13:00:00,-9.807064676186023
2016-05-12 14:00:00,-8.80471741911284
2016-05-12 15:00:00,-0.1204108416847447
2016-05-12 16:00:00,21.194562411149263
2016-05-12 17:00:00,35.76306865284755
2016-05-12 18:00:00,-77.7522835909445
2016-05-12 19:00:00,19.37051720858301
2016-05-12 20:00:00,5.564111191582015
2016-05-12 21:00:00,0.3889057899154267
2016-05-12 22:00:00,0.6482318726494967
2016-05-12 23:00:00,4.36372864157002
2016-05-13 00:00:00,1.915772604116782
2016-05-13 01:00:00,-1.4914967310401082
2016-05-13 02:00:00,5.193381552548601
2016-05-13 03:00:00,4.743488547276975
2016-05-13 04:00:00,-6.114654064549072
2016-05-13 05:00:00,-3.9962595918260675
2016-05-13 06:00:00,80.87147609349603
2016-05-13 07:00:00,53.41634518063495
2016-05-13 08:00:00,185.75099632190353
2016-05-13 09:00:00,-116.99972356307177
2016-05-13 10:00:00,-91.78838098583707
2016-05-13 11:00:00,261.51708921952724
2016-05-13 12:00:00,119.5862081351512
2016-05-13 13:00:00,37.57082638874033
2016-05-13 14:00:00,115.67053748616203
2016-05-13 15:00:00,-9.471099120851648
2016-05-13 16:00:00,136.9855886416272
2016-05-13 17:00:00,-66.9541254715254
2016-05-13 18:00:00,105.99921879368276
